customer_id,Age,Sex,Job,Housing,Saving accounts,Checking account,Credit amount,Duration,Purpose,Risk,total_paid,avg_payment,on_time_payment_rate,debit_amount,debit_type,active_debits
1,67,male,2,own,,little,1169,6,radio/TV,good,8770,1096.25,62,5128,car_loan,1
2,22,female,2,own,little,moderate,5951,48,radio/TV,bad,2360,590.0,55,1836,mortgage,3
3,49,male,1,own,little,,2096,12,education,good,6890,459.33,51,4200,student_loan,3
4,45,male,2,free,little,little,7882,42,furniture/equipment,bad,14918,331.51,95,1448,credit_card,1
5,53,male,2,free,little,little,4870,24,car,good,6691,148.69,67,3873,personal_loan,1
6,35,male,1,free,,,9055,36,education,bad,13464,1035.69,75,959,student_loan,2
7,53,male,2,own,quite rich,,2835,24,furniture/equipment,good,12784,511.36,44,5146,personal_loan,2
8,35,male,3,rent,little,moderate,6948,36,car,bad,7234,401.89,73,892,car_loan,2
9,61,male,1,own,rich,,3059,12,radio/TV,good,7765,235.3,78,4438,car_loan,1
10,28,male,3,own,little,moderate,5234,30,car,bad,1966,151.23,90,2287,car_loan,3
11,25,female,2,rent,little,moderate,1295,12,car,good,5926,329.22,96,5440,personal_loan,3
12,24,female,2,rent,little,little,4308,48,business,bad,7078,707.8,35,2757,student_loan,2
13,22,female,2,own,little,moderate,1567,12,radio/TV,good,13136,2189.33,38,1638,car_loan,1
14,60,male,1,own,little,little,1199,24,car,good,12863,306.26,35,4308,student_loan,3
15,28,female,2,rent,little,little,1403,15,car,good,12611,2101.83,61,5241,personal_loan,2
16,32,female,1,own,moderate,little,1282,24,radio/TV,good,9822,363.78,70,2954,student_loan,3
17,53,male,2,own,,,2424,24,radio/TV,good,3185,637.0,37,1966,personal_loan,3
18,25,male,2,own,,little,8072,30,business,bad,2269,66.74,79,4174,personal_loan,1
19,44,female,3,free,little,moderate,12579,24,car,bad,12083,2416.6,91,1877,credit_card,1
20,31,male,2,own,quite rich,,3430,24,radio/TV,good,8449,291.34,91,3097,personal_loan,3
21,48,male,2,own,little,,2134,9,car,good,3933,126.87,36,641,personal_loan,2
22,44,male,2,rent,quite rich,little,2647,6,radio/TV,good,6811,200.32,33,3159,mortgage,1
23,48,male,1,rent,little,little,2241,10,car,good,6551,311.95,35,5096,car_loan,3
24,44,male,2,own,moderate,moderate,1804,12,car,good,7920,344.35,87,1339,credit_card,1
25,26,male,2,own,,,2069,10,furniture/equipment,good,2684,383.43,51,4118,credit_card,1
26,36,male,1,own,little,little,1374,6,furniture/equipment,good,6055,302.75,55,4417,credit_card,1
27,39,male,1,own,little,,426,6,radio/TV,good,4885,162.83,32,1095,mortgage,3
28,42,female,2,rent,rich,rich,409,12,radio/TV,good,13809,313.84,70,2404,personal_loan,2
29,34,male,2,own,little,moderate,2415,7,radio/TV,good,7896,329.0,89,780,car_loan,2
30,63,male,2,own,little,little,6836,60,business,bad,14535,631.96,43,923,student_loan,2
31,36,male,2,own,rich,moderate,1913,18,business,good,12596,1574.5,41,4865,personal_loan,1
32,27,male,2,own,little,little,4020,24,furniture/equipment,good,10166,3388.67,41,4749,mortgage,3
33,30,male,2,own,moderate,moderate,5866,18,car,bad,10774,1539.14,42,2250,personal_loan,1
34,57,male,1,rent,,,1264,12,business,good,4058,94.37,54,5257,personal_loan,2
35,33,female,3,own,little,rich,1474,12,furniture/equipment,good,9349,667.79,74,2467,mortgage,2
36,25,male,1,own,little,moderate,4746,45,radio/TV,bad,3547,126.68,48,4588,credit_card,3
37,31,male,2,free,little,,6110,48,education,bad,4247,117.97,84,4678,credit_card,1
38,37,male,2,own,little,rich,2100,18,radio/TV,good,10667,666.69,74,3446,car_loan,2
39,37,male,2,own,little,rich,1225,10,domestic appliances,good,11498,410.64,37,1949,car_loan,3
40,24,male,2,own,little,moderate,458,9,radio/TV,good,1689,35.94,82,2831,credit_card,1
41,30,male,3,own,quite rich,,2333,30,radio/TV,good,4234,146.0,84,2720,student_loan,1
42,26,male,2,own,quite rich,moderate,1158,12,radio/TV,good,4505,409.55,61,4289,personal_loan,2
43,44,male,1,own,little,moderate,6204,18,repairs,bad,6158,219.93,80,3310,student_loan,2
44,24,male,2,rent,moderate,little,6187,30,car,bad,3399,141.62,73,5228,personal_loan,1
45,58,female,1,free,little,little,6143,48,car,bad,9234,288.56,99,2031,credit_card,1
46,35,female,3,own,little,,1393,11,car,good,2767,61.49,47,5382,car_loan,2
47,39,male,2,own,quite rich,,2299,36,radio/TV,bad,3028,159.37,51,3490,car_loan,1
48,23,female,0,rent,quite rich,little,1352,6,car,good,12894,460.5,66,4993,student_loan,2
49,39,male,1,own,little,,7228,11,car,bad,5056,133.05,85,1643,car_loan,1
50,28,female,2,own,moderate,,2073,12,radio/TV,good,5390,1796.67,88,1433,credit_card,2
51,29,male,1,own,,moderate,2333,24,furniture/equipment,good,10338,1033.8,32,1960,student_loan,3
52,30,male,3,own,little,moderate,5965,27,car,bad,12580,340.0,57,3223,personal_loan,2
53,25,male,2,own,little,,1262,12,radio/TV,good,6893,405.47,64,3012,car_loan,2
54,31,male,2,own,,,3378,18,car,good,12127,505.29,90,785,mortgage,3
55,57,male,2,free,little,moderate,2225,36,car,good,10292,643.25,83,764,car_loan,1
56,26,male,1,own,,,783,6,car,bad,12055,430.54,92,2867,personal_loan,3
57,52,male,3,own,,moderate,6468,12,radio/TV,bad,11753,391.77,36,3947,student_loan,2
58,31,female,2,own,little,,9566,36,radio/TV,bad,9933,397.32,78,5416,personal_loan,1
59,23,female,3,own,little,rich,1961,18,car,good,11733,733.31,60,2262,mortgage,3
60,23,female,1,rent,little,little,6229,36,furniture/equipment,bad,12516,481.38,87,3548,credit_card,1
61,27,male,2,own,little,moderate,1391,9,business,good,9013,2253.25,90,2881,car_loan,1
62,50,male,2,own,,moderate,1537,15,radio/TV,good,4112,87.49,53,2769,student_loan,3
63,61,male,3,free,little,moderate,1953,36,business,good,8541,305.04,49,540,credit_card,1
64,25,male,2,own,little,moderate,14421,48,business,bad,11055,690.94,66,567,personal_loan,3
65,26,female,2,own,little,,3181,24,radio/TV,good,7735,859.44,33,1487,student_loan,2
66,48,male,2,own,,,5190,27,repairs,bad,6986,1397.2,49,4508,credit_card,1
67,29,female,2,own,little,,2171,12,radio/TV,good,8599,343.96,89,3698,student_loan,2
68,22,male,2,own,rich,moderate,1007,12,car,good,11170,248.22,53,5290,mortgage,2
69,37,male,2,free,little,,1819,36,education,bad,12248,260.6,79,3024,mortgage,1
70,25,female,2,own,,,2394,36,radio/TV,bad,2275,113.75,78,1585,car_loan,3
71,30,female,2,own,little,,8133,36,car,bad,13706,342.65,80,2979,car_loan,1
72,46,male,1,rent,,,730,7,radio/TV,good,9726,262.86,65,2193,mortgage,2
73,51,male,3,free,little,little,1164,8,vacation/others,good,4652,273.65,95,2815,student_loan,2
74,41,female,1,own,little,moderate,5954,42,business,bad,11647,431.37,63,1278,mortgage,3
75,40,male,3,own,,little,1977,36,education,good,3085,79.1,65,5089,car_loan,1
76,66,male,3,free,little,little,1526,12,car,good,5443,181.43,35,2085,mortgage,2
77,34,male,2,own,little,little,3965,42,radio/TV,bad,9055,754.58,68,1992,mortgage,2
78,51,male,2,own,little,moderate,4771,11,radio/TV,bad,4573,111.54,71,1160,student_loan,2
79,39,male,1,own,,,9436,54,car,bad,2521,132.68,87,1848,credit_card,3
80,22,male,2,own,little,moderate,3832,30,furniture/equipment,bad,13153,320.8,41,1799,car_loan,2
81,44,female,2,own,,,5943,24,radio/TV,good,12305,512.71,32,4440,student_loan,2
82,47,male,2,own,quite rich,,1213,15,radio/TV,good,14917,532.75,47,2486,mortgage,1
83,24,female,1,rent,moderate,,1568,18,business,good,5343,116.15,69,2544,mortgage,1
84,58,female,1,own,little,little,1755,24,vacation/others,good,9489,351.44,50,4016,credit_card,2
85,52,male,1,own,little,little,2315,10,radio/TV,good,11192,589.05,44,1558,car_loan,2
86,29,female,3,own,little,,1412,12,business,good,14490,966.0,55,1476,car_loan,1
87,27,female,2,own,little,moderate,1295,18,furniture/equipment,good,8373,380.59,37,5077,personal_loan,3
88,47,male,2,free,moderate,moderate,12612,36,education,bad,7175,265.74,71,1227,car_loan,3
89,30,male,3,own,moderate,little,2249,18,car,good,1661,276.83,73,3027,credit_card,3
90,28,male,2,own,little,little,1108,12,repairs,good,5797,483.08,43,3636,personal_loan,3
91,56,male,2,own,little,,618,12,radio/TV,good,11673,2334.6,31,842,personal_loan,3
92,54,male,2,own,little,little,1409,12,car,good,2495,58.02,66,1947,mortgage,3
93,33,female,1,own,,,797,12,radio/TV,good,14603,310.7,98,2879,mortgage,3
94,20,male,2,rent,,rich,3617,24,furniture/equipment,good,13034,651.7,67,4159,car_loan,3
95,54,male,2,own,rich,moderate,1318,12,car,good,14243,374.82,70,1026,personal_loan,1
96,58,male,2,rent,little,moderate,15945,54,business,bad,9129,380.38,91,2396,mortgage,3
97,61,female,2,own,,,2012,12,education,good,13490,374.72,89,5254,credit_card,3
98,34,male,2,own,moderate,moderate,2622,18,business,good,10967,1096.7,43,2573,mortgage,3
99,36,male,2,own,little,moderate,2337,36,radio/TV,bad,2516,59.9,31,5415,mortgage,2
100,36,male,3,rent,,moderate,7057,20,car,good,9369,203.67,99,905,personal_loan,1
101,41,male,1,rent,moderate,,1469,24,car,good,7939,378.05,46,2073,personal_loan,1
102,24,male,2,rent,little,moderate,2323,36,radio/TV,bad,9392,213.45,57,5100,student_loan,1
103,24,female,2,own,little,,932,6,radio/TV,good,8363,194.49,95,4240,credit_card,3
104,35,male,2,rent,little,moderate,1919,9,furniture/equipment,good,9416,241.44,64,4774,personal_loan,3
105,26,male,2,rent,,,2445,12,car,good,10029,1253.62,34,4727,car_loan,2
106,39,male,3,own,little,moderate,11938,24,vacation/others,bad,2378,84.93,94,2346,credit_card,1
107,39,male,3,own,little,,6458,18,car,bad,10768,299.11,69,1978,credit_card,3
108,32,male,2,own,little,moderate,6078,12,car,bad,6387,135.89,85,2895,personal_loan,1
109,30,female,2,own,,little,7721,24,furniture/equipment,bad,13685,1710.62,65,1271,credit_card,2
110,35,male,2,own,quite rich,moderate,1410,14,business,good,6359,163.05,74,1078,personal_loan,2
111,31,male,2,own,moderate,moderate,1449,6,business,good,7831,223.74,52,3401,mortgage,2
112,23,female,2,rent,little,rich,392,15,education,good,10071,419.62,76,693,student_loan,1
113,28,male,1,rent,little,moderate,6260,18,car,bad,10184,442.78,60,2507,mortgage,3
114,25,female,2,own,little,,7855,36,car,bad,8708,1088.5,40,1685,personal_loan,3
115,35,male,2,own,quite rich,little,1680,12,radio/TV,good,6776,847.0,39,2894,personal_loan,2
116,47,male,2,own,,,3578,48,radio/TV,bad,3562,593.67,96,3498,mortgage,3
117,30,female,3,own,,little,7174,42,radio/TV,bad,13576,424.25,43,2292,car_loan,2
118,27,female,2,rent,,little,2132,10,furniture/equipment,good,1564,120.31,39,1610,car_loan,1
119,23,female,2,own,quite rich,little,4281,33,furniture/equipment,bad,9506,297.06,30,4505,car_loan,2
120,36,male,3,own,quite rich,moderate,2366,12,car,good,4068,123.27,34,2761,personal_loan,1
121,25,female,2,own,little,little,1835,21,radio/TV,good,6963,267.81,49,4236,credit_card,2
122,41,female,3,rent,little,,3868,24,car,good,14940,1358.18,37,4293,personal_loan,3
123,24,male,1,rent,little,,1768,12,furniture/equipment,bad,3527,705.4,72,2436,credit_card,3
124,63,male,2,free,little,rich,781,10,car,good,4195,127.12,30,5375,mortgage,2
125,27,female,2,rent,,moderate,1924,18,furniture/equipment,good,11187,266.36,86,4857,student_loan,3
126,30,male,2,own,little,little,2121,12,car,good,6758,173.28,93,1229,credit_card,3
127,40,male,1,own,little,little,701,12,radio/TV,good,7118,187.32,57,4878,car_loan,3
128,30,male,2,own,little,moderate,639,12,repairs,good,8236,316.77,66,3951,personal_loan,1
129,34,male,3,own,little,moderate,1860,12,car,good,1891,57.3,76,4957,mortgage,3
130,29,female,2,own,little,little,3499,12,car,good,14206,1775.75,66,5036,car_loan,1
131,24,female,2,own,,moderate,8487,48,car,bad,14166,3541.5,78,2640,mortgage,2
132,29,male,2,own,little,little,6887,36,education,bad,7392,336.0,73,2144,student_loan,3
133,27,male,1,own,little,,2708,15,furniture/equipment,good,5061,168.7,85,3300,personal_loan,3
134,47,male,2,free,little,,1984,18,furniture/equipment,good,11970,920.77,57,5462,personal_loan,3
135,21,female,2,own,moderate,,10144,60,radio/TV,bad,7684,1280.67,35,641,student_loan,2
136,38,female,2,own,,,1240,12,radio/TV,good,4599,270.53,90,1955,personal_loan,1
137,27,male,2,own,rich,,8613,27,car,bad,7778,972.25,49,5296,credit_card,1
138,66,male,1,own,quite rich,moderate,766,12,radio/TV,good,9892,309.12,31,2596,mortgage,3
139,35,male,2,own,,moderate,2728,15,radio/TV,good,14567,364.18,66,1825,car_loan,2
140,44,female,1,rent,little,rich,1881,12,radio/TV,good,4604,1151.0,49,5476,student_loan,2
141,27,male,0,own,rich,rich,709,6,car,good,8715,512.65,55,1713,credit_card,2
142,30,female,3,own,little,moderate,4795,36,radio/TV,bad,14290,1099.23,58,1659,car_loan,2
143,27,male,3,own,little,little,3416,27,radio/TV,bad,3954,395.4,30,5150,car_loan,2
144,22,male,2,own,little,little,2462,18,furniture/equipment,good,13337,476.32,64,4999,student_loan,1
145,23,female,2,own,little,,2288,21,furniture/equipment,good,10496,223.32,99,5487,credit_card,1
146,30,male,2,own,moderate,moderate,3566,48,business,good,4231,91.98,88,5197,car_loan,1
147,39,female,2,own,little,little,860,6,car,good,12465,1780.71,98,840,car_loan,3
148,51,female,2,own,moderate,,682,12,car,good,9654,1206.75,62,4328,credit_card,2
149,28,male,2,own,little,little,5371,36,furniture/equipment,bad,11262,402.21,80,2468,personal_loan,3
150,46,male,2,own,rich,,1582,18,radio/TV,good,6556,1092.67,41,1203,car_loan,2
151,42,male,2,free,moderate,,1346,6,radio/TV,good,9610,457.62,49,4913,mortgage,1
152,38,male,2,own,little,,1924,10,radio/TV,good,12382,562.82,82,2929,credit_card,3
153,24,male,2,own,little,rich,5848,36,radio/TV,bad,5340,152.57,72,2300,car_loan,1
154,29,female,2,rent,rich,moderate,7758,24,car,good,2528,114.91,79,5412,student_loan,2
155,36,male,3,rent,moderate,moderate,6967,24,business,good,8885,634.64,58,5148,mortgage,2
156,20,female,2,rent,little,little,1282,12,furniture/equipment,good,2002,667.33,86,1355,car_loan,2
157,48,male,2,own,moderate,little,1288,9,repairs,good,8410,300.36,68,2312,mortgage,1
158,45,male,1,own,little,little,339,12,education,good,14185,886.56,85,3366,mortgage,2
159,38,male,2,own,moderate,moderate,3512,24,car,good,10562,264.05,72,4142,personal_loan,1
160,34,male,1,own,,,1898,6,radio/TV,good,8438,216.36,79,682,mortgage,3
161,36,male,2,own,moderate,,2872,24,radio/TV,good,5988,460.62,52,3612,personal_loan,2
162,30,female,2,own,little,,1055,18,car,good,1706,44.89,73,4992,credit_card,2
163,36,male,2,own,quite rich,,1262,15,domestic appliances,good,6634,442.27,67,2017,personal_loan,2
164,70,male,3,free,little,moderate,7308,10,car,bad,7477,166.16,52,1856,student_loan,3
165,36,male,2,own,quite rich,,909,36,car,bad,9221,1844.2,74,2674,car_loan,2
166,32,male,2,own,quite rich,,2978,6,furniture/equipment,good,8535,243.86,81,4129,credit_card,1
167,33,female,2,own,little,little,1131,18,furniture/equipment,good,2984,373.0,79,4128,credit_card,1
168,20,female,2,own,rich,moderate,1577,11,furniture/equipment,good,9358,779.83,37,4596,student_loan,2
169,25,female,2,rent,little,,3972,24,furniture/equipment,good,2363,337.57,30,3739,personal_loan,2
170,31,male,2,own,little,moderate,1935,24,business,good,4290,171.6,37,4191,car_loan,3
171,33,male,2,rent,little,little,950,15,car,good,8908,742.33,58,518,personal_loan,3
172,26,female,2,own,little,,763,12,furniture/equipment,good,10255,222.93,34,3903,mortgage,3
173,34,female,3,own,little,moderate,2064,24,furniture/equipment,good,6616,1654.0,76,5179,personal_loan,2
174,33,male,2,own,little,moderate,1414,8,radio/TV,good,13883,925.53,63,5051,credit_card,3
175,26,male,2,own,little,little,3414,21,education,good,7519,179.02,94,3504,car_loan,3
176,53,female,3,own,,,7485,30,car,bad,3257,814.25,84,1632,personal_loan,1
177,42,male,2,own,little,little,2577,12,furniture/equipment,good,9074,412.45,72,3839,car_loan,3
178,52,male,2,own,quite rich,little,338,6,radio/TV,good,7874,2624.67,59,3811,car_loan,1
179,31,male,3,rent,little,,1963,12,radio/TV,good,8392,215.18,46,3872,mortgage,1
180,65,male,2,own,little,little,571,21,car,good,3178,288.91,55,1487,mortgage,3
181,28,male,2,own,little,,9572,36,business,bad,4742,249.58,37,3821,credit_card,1
182,30,male,3,own,little,moderate,4455,36,business,bad,6136,557.82,76,5115,student_loan,2
183,40,male,1,own,,little,1647,21,car,good,2559,196.85,75,5454,car_loan,2
184,50,male,2,own,rich,,3777,24,furniture/equipment,good,8168,480.47,97,673,student_loan,3
185,36,male,2,own,little,moderate,884,18,car,good,14971,575.81,62,4241,credit_card,2
186,31,male,2,own,little,,1360,15,radio/TV,good,11414,285.35,30,3552,car_loan,1
187,74,female,3,free,little,moderate,5129,9,car,bad,13006,351.51,48,1226,car_loan,2
188,68,male,0,free,little,moderate,1175,16,car,good,4657,145.53,60,4260,student_loan,3
189,20,male,2,own,moderate,little,674,12,radio/TV,good,7415,224.7,43,2375,personal_loan,3
190,33,female,2,own,little,moderate,3244,18,furniture/equipment,good,12317,1759.57,82,4533,mortgage,1
191,54,male,3,own,rich,,4591,24,business,good,12421,270.02,77,1489,personal_loan,3
192,34,male,1,free,moderate,moderate,3844,48,business,bad,11289,705.56,98,4244,student_loan,2
193,36,male,2,own,little,moderate,3915,27,business,good,12752,980.92,91,3186,mortgage,3
194,29,male,2,rent,little,,2108,6,radio/TV,good,4193,381.18,95,919,personal_loan,1
195,21,male,2,rent,moderate,moderate,3031,45,radio/TV,bad,14583,405.08,93,1093,mortgage,3
196,34,female,3,own,little,moderate,1501,9,education,good,14839,1059.93,99,2274,car_loan,2
197,28,female,2,own,little,,1382,6,radio/TV,good,5127,138.57,92,2959,personal_loan,1
198,27,female,2,rent,moderate,moderate,951,12,furniture/equipment,good,11055,298.78,62,1435,mortgage,2
199,36,male,2,free,,moderate,2760,24,car,good,11673,3891.0,70,4308,mortgage,1
200,40,male,3,own,little,moderate,4297,18,furniture/equipment,good,6950,165.48,77,831,mortgage,3
201,52,male,2,own,quite rich,,936,9,education,good,3163,131.79,42,3949,personal_loan,1
202,27,male,1,own,little,little,1168,12,car,good,11221,361.97,60,3202,credit_card,1
203,26,male,2,own,little,,5117,27,business,bad,11730,1173.0,97,4506,personal_loan,3
204,21,male,2,rent,little,little,902,12,education,good,7092,545.54,33,4368,student_loan,2
205,38,male,1,own,little,,1495,12,car,good,12994,302.19,48,4700,personal_loan,3
206,38,male,3,free,little,little,10623,30,car,bad,11929,305.87,99,701,mortgage,1
207,43,male,2,own,little,,1935,12,furniture/equipment,good,8892,555.75,42,2997,car_loan,3
208,26,male,2,own,little,moderate,1424,12,domestic appliances,good,2806,87.69,52,2342,personal_loan,1
209,21,male,1,own,little,little,6568,24,business,bad,13721,370.84,30,2366,personal_loan,3
210,55,male,2,own,rich,,1413,12,car,good,8276,359.83,83,2496,mortgage,3
211,33,male,2,own,,,3074,9,radio/TV,good,12367,317.1,44,1409,car_loan,2
212,45,female,1,own,,,3835,36,radio/TV,bad,14760,2108.57,94,4805,car_loan,1
213,50,male,2,own,little,little,5293,27,business,bad,7364,350.67,44,5158,student_loan,2
214,66,male,3,own,little,rich,1908,30,business,good,10974,685.88,50,3689,personal_loan,1
215,51,male,2,own,,,3342,36,radio/TV,good,9026,322.36,48,1270,car_loan,3
216,39,female,1,own,,moderate,932,6,education,good,10401,1733.5,89,3655,car_loan,1
217,31,male,2,own,little,little,3104,18,business,good,7075,262.04,62,3001,credit_card,2
218,23,male,2,own,little,rich,3913,36,radio/TV,bad,7030,149.57,78,3214,credit_card,2
219,24,male,1,rent,little,little,3021,24,furniture/equipment,bad,14436,328.09,64,5224,car_loan,2
220,64,female,2,own,little,,1364,10,car,good,5913,219.0,73,4085,student_loan,1
221,26,male,1,own,little,moderate,625,12,radio/TV,good,5248,262.4,40,2128,car_loan,2
222,23,female,2,rent,,little,1200,12,education,good,14471,344.55,95,886,mortgage,2
223,30,male,2,own,little,,707,12,radio/TV,good,2163,216.3,75,3921,personal_loan,2
224,32,male,2,own,,,2978,24,business,good,3498,85.32,38,4508,student_loan,3
225,30,male,2,own,little,,4657,15,car,bad,9494,226.05,32,4593,mortgage,3
226,27,male,2,own,little,,2613,36,repairs,bad,13137,821.06,55,4863,student_loan,1
227,27,male,2,own,rich,moderate,10961,48,radio/TV,bad,13435,395.15,77,2966,mortgage,1
228,53,male,3,free,little,little,7865,12,furniture/equipment,bad,2995,74.88,95,2782,personal_loan,2
229,22,male,2,own,little,,1478,9,radio/TV,good,4804,137.26,99,2356,personal_loan,3
230,22,male,2,free,little,little,3149,24,furniture/equipment,good,5263,210.52,57,2498,credit_card,2
231,26,male,2,own,little,rich,4210,36,radio/TV,bad,6732,396.0,55,1736,mortgage,2
232,51,male,1,free,quite rich,,2507,9,car,good,3353,95.8,54,5169,credit_card,3
233,35,male,2,own,moderate,,2141,12,radio/TV,good,8085,299.44,41,4644,mortgage,3
234,25,male,1,own,little,moderate,866,18,radio/TV,bad,14351,755.32,34,1650,credit_card,3
235,42,male,1,own,little,,1544,4,radio/TV,good,2791,79.74,77,4818,personal_loan,1
236,30,male,3,own,little,little,1823,24,radio/TV,good,5081,1270.25,66,1931,student_loan,1
237,23,male,0,own,,moderate,14555,6,car,bad,13149,821.81,73,2319,credit_card,2
238,61,male,1,rent,moderate,moderate,2767,21,business,good,9054,215.57,44,2824,mortgage,1
239,35,female,2,own,little,,1291,12,radio/TV,good,8780,209.05,72,1630,mortgage,3
240,39,male,2,own,little,little,2522,30,radio/TV,bad,3136,76.49,77,3158,personal_loan,3
241,29,female,2,own,,little,915,24,car,good,5196,649.5,99,4000,mortgage,1
242,51,male,2,own,little,,1595,6,radio/TV,good,12691,1586.38,75,874,car_loan,2
243,24,male,2,free,little,little,4605,48,car,bad,12844,2568.8,72,2620,student_loan,2
244,27,female,2,own,little,,1185,12,business,good,2198,244.22,50,4520,credit_card,1
245,35,female,1,own,quite rich,,3447,12,education,good,11852,1185.2,52,2521,student_loan,2
246,25,male,2,own,little,,1258,24,business,good,13789,313.39,76,4205,personal_loan,2
247,52,male,2,own,little,,717,12,radio/TV,good,6237,366.88,44,3759,credit_card,2
248,35,male,2,rent,moderate,,1204,6,car,good,2354,75.94,54,3935,credit_card,3
249,26,male,2,own,little,rich,1925,24,furniture/equipment,good,9664,276.11,65,2389,car_loan,3
250,22,female,2,rent,little,,433,18,radio/TV,good,7355,229.84,80,2323,personal_loan,1
251,39,female,1,own,rich,little,666,6,car,good,8892,216.88,44,1974,mortgage,3
252,46,female,1,own,little,rich,2251,12,furniture/equipment,good,8028,276.83,97,2742,car_loan,2
253,24,female,2,own,little,moderate,2150,30,car,bad,13166,346.47,50,3743,car_loan,3
254,35,male,2,own,moderate,,4151,24,furniture/equipment,good,6749,217.71,42,3634,student_loan,1
255,24,male,2,own,,moderate,2030,9,furniture/equipment,good,6672,166.8,48,2570,student_loan,3
256,27,male,1,own,,moderate,7418,60,radio/TV,bad,3207,91.63,63,859,student_loan,2
257,35,male,1,own,little,,2684,24,radio/TV,good,12469,319.72,97,2541,car_loan,2
258,29,male,2,free,little,little,2149,12,radio/TV,good,7291,251.41,81,1641,mortgage,1
259,23,female,2,own,moderate,,3812,15,car,good,11425,326.43,56,2135,credit_card,3
260,57,female,1,own,moderate,,1154,11,radio/TV,good,7035,1172.5,58,4500,student_loan,3
261,27,male,2,own,little,little,1657,12,furniture/equipment,good,6431,267.96,57,2443,mortgage,3
262,55,female,2,own,little,little,1603,24,radio/TV,good,5010,1252.5,64,5274,personal_loan,2
263,36,male,3,free,little,little,5302,18,car,good,1702,141.83,37,3861,student_loan,1
264,57,female,1,free,little,,2748,12,education,good,12947,1849.57,45,3480,credit_card,3
265,32,male,1,own,little,,1231,10,car,good,5718,476.5,65,506,personal_loan,2
266,37,male,2,own,little,moderate,802,15,radio/TV,good,14188,405.37,59,3767,personal_loan,2
267,36,male,2,own,,,6304,36,business,bad,10458,261.45,47,2091,credit_card,2
268,38,female,2,own,little,,1533,24,radio/TV,good,5889,392.6,31,5428,student_loan,3
269,45,male,3,own,little,little,8978,14,car,good,3827,115.97,78,3764,car_loan,3
270,25,male,2,own,,,999,24,radio/TV,good,9504,250.11,33,3106,credit_card,3
271,32,male,2,own,,,2662,18,car,good,4431,94.28,36,3719,credit_card,3
272,37,female,2,rent,quite rich,,1402,12,furniture/equipment,good,9277,356.81,68,3773,credit_card,3
273,36,male,3,free,,moderate,12169,48,car,bad,1697,99.82,42,1413,personal_loan,3
274,28,male,2,own,little,moderate,3060,48,radio/TV,bad,8625,278.23,60,2511,mortgage,3
275,34,male,1,own,little,little,11998,30,repairs,bad,3430,343.0,92,1942,car_loan,3
276,32,male,2,own,little,,2697,9,radio/TV,good,13274,1896.29,85,3554,student_loan,3
277,26,female,2,own,little,,2404,18,radio/TV,good,7787,251.19,71,4046,student_loan,2
278,49,male,1,own,,little,1262,12,furniture/equipment,good,10300,1716.67,90,4721,mortgage,3
279,32,female,2,own,little,,4611,6,furniture/equipment,good,12964,926.0,71,5412,credit_card,1
280,29,male,3,rent,moderate,,1901,24,radio/TV,good,10839,230.62,85,3428,car_loan,2
281,23,male,2,rent,rich,,3368,15,car,good,5782,1445.5,65,2329,student_loan,3
282,50,male,2,own,little,,1574,12,furniture/equipment,good,13089,451.34,97,1075,student_loan,1
283,49,male,1,own,,rich,1445,18,radio/TV,good,4011,121.55,36,1429,credit_card,3
284,63,male,2,own,,,1520,15,furniture/equipment,good,11486,302.26,83,4259,mortgage,1
285,37,male,2,own,moderate,moderate,3878,24,car,good,2159,56.82,30,4199,car_loan,1
286,35,female,1,own,little,little,10722,47,car,bad,4311,153.96,73,1963,mortgage,1
287,26,male,2,own,little,little,4788,48,car,bad,8598,191.07,74,3775,mortgage,1
288,31,male,3,free,moderate,moderate,7582,48,vacation/others,bad,8046,277.45,76,5428,car_loan,2
289,49,female,2,own,little,moderate,1092,12,radio/TV,good,11061,1580.14,42,1554,car_loan,2
290,48,male,2,own,little,little,1024,24,radio/TV,good,3486,158.45,51,2400,student_loan,1
291,26,male,2,own,little,,1076,12,business,good,9838,756.77,50,1957,student_loan,3
292,28,male,3,rent,little,moderate,9398,36,car,bad,12911,1075.92,38,1899,car_loan,1
293,44,female,3,free,little,little,6419,24,car,good,4411,105.02,55,3915,personal_loan,2
294,56,male,2,free,little,rich,4796,42,car,bad,3234,80.85,38,942,student_loan,3
295,46,male,3,own,,,7629,48,business,bad,3343,417.88,44,4150,personal_loan,2
296,26,female,2,own,little,moderate,9960,48,furniture/equipment,bad,10180,1018.0,39,5152,car_loan,2
297,20,female,2,rent,,,4675,12,car,bad,4476,179.04,71,1678,student_loan,3
298,45,male,1,own,,,1287,10,car,good,3459,123.54,53,4958,mortgage,1
299,43,male,2,own,little,,2515,18,furniture/equipment,good,7259,161.31,78,1757,car_loan,1
300,32,male,2,own,rich,moderate,2745,21,furniture/equipment,good,8194,585.29,55,4134,credit_card,1
301,54,female,0,own,little,,672,6,car,good,3885,138.75,66,2341,personal_loan,1
302,42,female,2,own,little,moderate,3804,36,radio/TV,good,12611,840.73,97,2809,car_loan,3
303,37,male,1,own,,rich,1344,24,car,good,6236,148.48,79,1410,car_loan,3
304,49,male,2,own,little,little,1038,10,car,good,3302,165.1,53,4840,student_loan,3
305,44,male,2,free,quite rich,,10127,48,car,bad,9655,357.59,48,5137,student_loan,2
306,33,male,2,own,rich,,1543,6,furniture/equipment,good,9620,274.86,89,4509,student_loan,3
307,24,female,1,rent,,,4811,30,car,bad,8116,193.24,68,2669,credit_card,1
308,33,male,1,own,moderate,little,727,12,radio/TV,good,7034,156.31,47,2672,student_loan,2
309,24,female,2,own,little,moderate,1237,8,furniture/equipment,good,5561,397.21,48,623,car_loan,1
310,22,male,1,rent,little,moderate,276,9,car,bad,13061,283.93,65,3658,student_loan,1
311,40,male,0,free,,moderate,5381,48,vacation/others,bad,1762,46.37,84,1285,mortgage,3
312,25,male,2,own,moderate,,5511,24,furniture/equipment,bad,7787,1297.83,98,2916,student_loan,3
313,26,female,2,own,little,rich,3749,24,furniture/equipment,good,10315,1473.57,76,1296,credit_card,1
314,25,male,1,own,little,moderate,685,12,car,good,10708,274.56,78,4672,mortgage,1
315,29,male,1,own,,rich,1494,4,car,good,13335,1333.5,62,4654,car_loan,2
316,31,male,2,own,little,little,2746,36,furniture/equipment,bad,14668,333.36,50,2436,car_loan,3
317,38,male,1,own,little,little,708,12,furniture/equipment,good,3549,118.3,51,2656,personal_loan,2
318,48,female,1,own,,moderate,4351,24,furniture/equipment,bad,6923,209.79,77,4307,mortgage,2
319,32,male,2,own,little,,701,12,education,good,13415,1219.55,66,1801,personal_loan,2
320,27,female,1,own,little,little,3643,15,furniture/equipment,good,6048,195.1,44,4663,mortgage,1
321,28,male,3,own,little,moderate,4249,30,car,bad,4608,288.0,64,3640,mortgage,2
322,32,male,2,own,little,little,1938,24,radio/TV,good,14971,356.45,61,3736,credit_card,2
323,34,male,3,free,little,little,2910,24,car,good,13782,320.51,40,2852,personal_loan,1
324,28,male,2,own,rich,little,2659,18,furniture/equipment,good,8658,360.75,39,2432,credit_card,3
325,36,female,2,own,little,,1028,18,car,good,11748,903.69,86,3221,mortgage,3
326,39,male,1,own,little,little,3398,8,car,good,8900,356.0,54,864,car_loan,2
327,49,male,2,rent,,,5801,12,furniture/equipment,good,4670,1556.67,31,5416,mortgage,1
328,34,female,2,own,rich,,1525,24,car,good,11374,291.64,93,2890,credit_card,3
329,31,male,2,own,little,rich,4473,36,radio/TV,bad,3755,163.26,64,1446,personal_loan,2
330,28,male,2,own,little,moderate,1068,6,radio/TV,good,2654,94.79,36,1877,personal_loan,2
331,75,male,3,free,little,little,6615,24,car,good,5999,157.87,47,1939,credit_card,1
332,30,female,2,own,moderate,,1864,18,education,good,7795,311.8,96,3680,personal_loan,2
333,24,female,3,own,moderate,moderate,7408,60,car,bad,7697,2565.67,71,5357,student_loan,3
334,24,female,1,rent,moderate,,11590,48,car,bad,12883,306.74,68,840,car_loan,1
335,23,male,2,rent,little,little,4110,24,furniture/equipment,bad,11388,669.88,70,3489,car_loan,3
336,44,male,3,rent,little,little,3384,6,furniture/equipment,good,13683,594.91,53,882,car_loan,3
337,23,female,1,own,little,moderate,2101,13,radio/TV,good,14415,1310.45,89,2056,personal_loan,3
338,24,female,2,rent,,little,1275,15,domestic appliances,good,14374,1306.73,75,799,personal_loan,2
339,28,male,2,own,little,little,4169,24,furniture/equipment,bad,3148,262.33,48,638,mortgage,2
340,31,male,1,own,little,moderate,1521,10,furniture/equipment,good,7039,251.39,97,858,mortgage,3
341,24,female,2,free,little,moderate,5743,24,education,bad,11137,259.0,71,5431,car_loan,3
342,26,female,1,rent,little,little,3599,21,furniture/equipment,bad,5699,154.03,61,2022,student_loan,1
343,25,male,2,rent,quite rich,moderate,3213,18,radio/TV,good,13615,504.26,68,3956,mortgage,1
344,33,male,3,own,little,moderate,4439,18,business,bad,9945,355.18,65,2127,mortgage,2
345,37,male,1,own,little,rich,3949,10,car,good,12875,990.38,65,1803,personal_loan,2
346,43,female,1,own,little,,1459,15,radio/TV,good,4057,101.42,32,1634,student_loan,1
347,23,male,2,own,little,moderate,882,13,radio/TV,good,7092,1773.0,37,2686,car_loan,3
348,23,female,0,rent,quite rich,moderate,3758,24,radio/TV,bad,1598,177.56,99,3670,mortgage,2
349,34,male,1,own,moderate,,1743,6,business,good,3700,185.0,70,4335,student_loan,3
350,32,male,2,free,rich,moderate,1136,9,education,good,4461,153.83,97,2651,student_loan,1
351,23,female,2,rent,little,,1236,9,domestic appliances,good,6473,179.81,42,1737,car_loan,2
352,29,female,2,own,little,moderate,959,9,furniture/equipment,good,5933,204.59,78,4235,student_loan,2
353,38,male,3,own,,,3229,18,car,good,13469,708.89,89,3334,student_loan,1
354,28,male,2,rent,little,little,6199,12,radio/TV,bad,4369,97.09,31,4760,student_loan,2
355,46,male,2,free,quite rich,,727,10,education,good,12926,281.0,89,1498,mortgage,1
356,23,male,1,own,little,moderate,1246,24,car,good,13483,518.58,34,3067,car_loan,2
357,49,male,2,own,,,2331,12,radio/TV,good,2456,90.96,73,1807,student_loan,1
358,26,male,3,own,little,,4463,36,radio/TV,bad,13759,1528.78,56,1156,student_loan,2
359,28,male,2,own,little,,776,12,radio/TV,good,9852,1231.5,61,3160,mortgage,3
360,23,female,2,rent,little,little,2406,30,furniture/equipment,bad,7199,276.88,50,2711,car_loan,3
361,61,male,2,free,,moderate,1239,18,education,good,8444,241.26,37,2409,personal_loan,3
362,37,male,3,own,,rich,3399,12,radio/TV,good,5993,193.32,79,4230,mortgage,2
363,36,female,2,own,little,rich,2247,12,car,good,10992,244.27,96,2546,car_loan,2
364,21,male,2,rent,little,,1766,6,furniture/equipment,good,6411,267.12,73,3662,student_loan,3
365,25,male,0,own,little,little,2473,18,furniture/equipment,good,5487,195.96,87,1640,car_loan,3
366,36,male,2,own,little,,1542,12,business,good,11219,373.97,32,766,car_loan,1
367,27,male,2,own,little,,3850,18,car,good,7515,326.74,99,2345,car_loan,1
368,22,female,2,rent,little,little,3650,18,furniture/equipment,good,14946,1660.67,31,2208,personal_loan,1
369,42,male,2,own,little,little,3446,36,furniture/equipment,good,2718,143.05,73,4130,car_loan,3
370,40,female,2,rent,little,moderate,3001,18,furniture/equipment,good,5996,272.55,31,3711,personal_loan,3
371,36,male,2,own,,,3079,36,car,bad,6235,145.0,64,2793,student_loan,3
372,33,male,2,own,little,,6070,18,radio/TV,bad,12796,581.64,59,4232,personal_loan,1
373,23,female,2,rent,little,,2146,10,furniture/equipment,good,12427,517.79,37,4329,student_loan,2
374,63,male,3,free,,,13756,60,car,bad,6055,201.83,51,2010,student_loan,3
375,60,female,3,free,moderate,moderate,14782,60,vacation/others,bad,10646,253.48,73,975,personal_loan,2
376,37,female,2,rent,little,little,7685,48,business,bad,9550,1061.11,87,1476,mortgage,2
377,34,male,2,own,little,,2320,18,radio/TV,good,14257,4752.33,65,1707,credit_card,2
378,36,male,2,free,,,846,7,radio/TV,good,4946,145.47,98,2460,car_loan,1
379,57,male,3,free,little,moderate,14318,36,car,bad,2545,169.67,60,1057,credit_card,2
380,52,female,1,own,moderate,,362,6,car,good,8393,262.28,76,1382,car_loan,3
381,39,male,2,own,,little,2212,20,furniture/equipment,good,3193,127.72,84,2694,car_loan,1
382,38,female,3,free,little,moderate,12976,18,car,bad,4936,235.05,91,5261,student_loan,3
383,25,female,2,rent,,,1283,22,car,good,10254,301.59,59,3167,car_loan,3
384,26,male,2,own,little,rich,1330,12,car,good,12177,380.53,84,5459,car_loan,1
385,26,male,1,own,moderate,,4272,30,business,bad,7395,238.55,45,5177,personal_loan,3
386,25,female,2,own,little,,2238,18,radio/TV,good,4854,103.28,41,5290,credit_card,3
387,21,female,2,rent,,,1126,18,radio/TV,good,1725,55.65,46,2110,personal_loan,1
388,40,male,3,own,little,moderate,7374,18,furniture/equipment,good,6393,199.78,45,3988,car_loan,3
389,27,male,2,own,quite rich,moderate,2326,15,business,good,8522,473.44,41,2954,student_loan,2
390,27,female,2,own,little,,1449,9,business,good,10651,253.6,37,4994,personal_loan,3
391,30,male,3,own,little,,1820,18,car,good,7100,338.1,32,2446,personal_loan,2
392,19,female,1,rent,rich,moderate,983,12,furniture/equipment,good,14240,712.0,45,5310,mortgage,3
393,39,male,3,free,little,little,3249,36,car,bad,12759,4253.0,59,5299,car_loan,1
394,31,female,2,own,little,little,1957,6,radio/TV,good,9496,593.5,52,3308,student_loan,1
395,31,male,3,own,little,,2406,9,furniture/equipment,good,10507,2626.75,34,4325,personal_loan,3
396,32,male,2,rent,moderate,moderate,11760,39,education,bad,14446,481.53,94,4036,personal_loan,1
397,55,female,3,free,little,little,2578,12,furniture/equipment,good,9183,286.97,59,4302,student_loan,3
398,46,male,2,own,little,little,2348,36,furniture/equipment,bad,6142,153.55,50,4677,car_loan,1
399,46,male,2,rent,little,moderate,1223,12,car,good,12812,2135.33,99,5199,mortgage,2
400,43,female,1,own,rich,,1516,24,radio/TV,good,9179,3059.67,51,2470,personal_loan,3
401,39,male,2,own,little,,1473,18,radio/TV,good,9708,970.8,61,4322,mortgage,2
402,28,male,2,own,,moderate,1887,18,business,good,8839,285.13,62,3319,credit_card,2
403,27,male,2,own,little,,8648,24,business,good,10935,266.71,45,1402,car_loan,3
404,27,male,1,own,little,,802,14,car,good,3705,741.0,67,864,credit_card,2
405,43,male,2,own,,moderate,2899,18,car,good,12216,359.29,43,4758,credit_card,3
406,22,male,2,own,little,moderate,2039,24,radio/TV,good,2569,214.08,65,3619,credit_card,2
407,43,male,2,own,,,2197,24,car,good,4944,412.0,52,3058,car_loan,3
408,27,male,2,own,little,little,1053,15,radio/TV,good,12257,583.67,95,2363,car_loan,3
409,26,male,3,own,quite rich,,3235,24,radio/TV,good,2560,71.11,31,615,student_loan,1
410,28,male,2,own,quite rich,rich,939,12,car,good,3827,109.34,94,2884,mortgage,3
411,20,female,2,own,little,moderate,1967,24,radio/TV,good,4920,196.8,96,5476,mortgage,3
412,35,male,3,own,little,,7253,33,car,bad,1801,60.03,81,4435,student_loan,2
413,42,male,3,own,little,,2292,12,business,good,13968,410.82,91,5435,student_loan,3
414,40,male,1,rent,quite rich,,1597,10,car,good,2106,234.0,52,2990,credit_card,1
415,35,female,2,own,,little,1381,24,car,good,4670,150.65,55,1442,student_loan,2
416,35,male,2,own,little,,5842,36,car,bad,2199,219.9,97,2224,personal_loan,2
417,33,male,1,own,little,little,2579,12,car,good,6588,2196.0,84,2834,mortgage,1
418,23,female,2,rent,,little,8471,18,education,bad,10831,2166.2,35,3267,student_loan,2
419,31,female,3,own,quite rich,,2782,21,car,good,1690,65.0,64,1637,personal_loan,2
420,33,female,2,own,,moderate,1042,18,car,good,11992,479.68,51,3027,personal_loan,2
421,20,female,2,rent,rich,,3186,15,car,good,2480,248.0,72,4617,personal_loan,2
422,30,male,2,own,,moderate,2028,12,car,good,4475,114.74,44,3920,personal_loan,1
423,47,male,1,own,little,moderate,958,12,car,good,7602,1520.4,89,5278,credit_card,1
424,34,male,3,own,moderate,,1591,21,furniture/equipment,good,2684,76.69,41,4406,personal_loan,2
425,25,female,2,own,,moderate,2762,12,furniture/equipment,good,4827,160.9,78,4137,credit_card,2
426,21,male,2,rent,little,moderate,2779,18,car,good,4894,489.4,71,3453,credit_card,1
427,29,male,2,own,little,,2743,28,radio/TV,good,9819,272.75,67,2867,personal_loan,1
428,46,male,2,own,rich,,1149,18,radio/TV,good,11757,317.76,74,4721,mortgage,1
429,20,male,2,own,little,,1313,9,furniture/equipment,good,3316,97.53,64,776,personal_loan,2
430,55,female,0,free,little,little,1190,18,repairs,good,7354,282.85,59,2499,personal_loan,2
431,74,male,1,own,little,,3448,5,business,good,8209,513.06,59,1727,personal_loan,3
432,29,male,3,own,little,moderate,11328,24,vacation/others,bad,2069,60.85,35,4252,mortgage,1
433,36,male,3,free,little,little,1872,6,furniture/equipment,good,6942,154.27,96,4235,car_loan,2
434,33,male,2,own,little,,2058,24,repairs,good,3395,188.61,36,1195,car_loan,1
435,25,male,2,own,little,little,2136,9,furniture/equipment,good,4233,705.5,81,1809,credit_card,2
436,25,male,2,own,,moderate,1484,12,radio/TV,good,5363,137.51,43,4652,credit_card,1
437,23,male,1,rent,quite rich,,660,6,repairs,bad,14413,626.65,44,3734,mortgage,2
438,37,female,2,own,rich,,1287,24,car,good,8955,559.69,50,4614,student_loan,3
439,65,male,0,own,little,little,3394,42,repairs,bad,5514,167.09,64,2811,car_loan,3
440,26,female,0,own,little,rich,609,12,business,good,12593,629.65,95,3341,credit_card,1
441,39,male,3,own,little,,1884,12,car,good,3186,354.0,31,4708,car_loan,2
442,30,female,2,own,little,little,1620,12,furniture/equipment,good,4509,375.75,64,4059,mortgage,2
443,29,male,2,own,little,moderate,2629,20,vacation/others,good,9306,1034.0,49,3898,mortgage,1
444,41,male,1,own,little,,719,12,education,good,1654,47.26,39,1041,student_loan,2
445,30,female,3,own,little,moderate,5096,48,furniture/equipment,bad,12229,489.16,54,3194,student_loan,1
446,41,female,1,rent,,,1244,9,education,good,2909,126.48,95,5174,mortgage,2
447,34,female,2,own,little,little,1842,36,car,good,13749,654.71,54,1588,credit_card,1
448,35,male,2,own,little,moderate,2576,7,radio/TV,good,2284,108.76,83,3863,car_loan,2
449,55,female,3,own,,rich,1424,12,furniture/equipment,good,12867,338.61,62,524,personal_loan,1
450,61,male,2,own,rich,moderate,1512,15,repairs,good,9596,309.55,65,2072,student_loan,2
451,30,male,3,own,,,11054,36,car,bad,9060,453.0,43,3458,personal_loan,3
452,29,female,2,own,little,,518,6,radio/TV,good,14033,3508.25,94,4736,credit_card,2
453,34,male,2,own,little,,2759,12,furniture/equipment,good,8843,2947.67,83,2267,student_loan,1
454,35,male,3,own,little,,2670,24,car,good,8706,1243.71,81,5243,personal_loan,3
455,31,male,2,own,little,little,4817,24,car,good,7096,322.55,32,2735,credit_card,2
456,29,female,3,own,little,,2679,24,car,good,7301,561.62,70,700,car_loan,3
457,36,male,2,rent,little,little,3905,11,car,good,4306,97.86,35,3698,credit_card,2
458,35,male,2,free,little,little,3386,12,car,good,2037,509.25,54,756,student_loan,3
459,27,female,2,own,little,little,343,6,domestic appliances,good,7486,1497.2,42,4247,mortgage,1
460,32,male,2,own,little,,4594,18,radio/TV,good,3341,133.64,37,5142,car_loan,2
461,37,male,2,own,little,little,3620,36,furniture/equipment,bad,14708,1050.57,50,2741,personal_loan,2
462,36,male,2,own,little,little,1721,15,car,good,12147,552.14,97,3675,student_loan,1
463,34,female,3,rent,little,moderate,3017,12,furniture/equipment,good,10216,1459.43,54,4106,mortgage,3
464,38,male,2,own,,moderate,754,12,education,good,8471,217.21,97,3836,credit_card,1
465,34,male,2,own,little,,1950,18,business,good,7125,178.12,74,5397,mortgage,1
466,63,male,2,own,little,little,2924,24,car,good,4450,139.06,89,913,student_loan,3
467,29,female,1,rent,little,little,1659,24,radio/TV,good,9492,862.91,41,2514,student_loan,1
468,32,male,2,own,,,7238,48,radio/TV,bad,13823,383.97,61,1881,mortgage,2
469,26,female,2,own,little,,2764,33,business,bad,6280,136.52,42,1598,credit_card,2
470,35,male,1,own,little,,4679,24,car,bad,13807,373.16,60,3926,mortgage,2
471,22,male,2,rent,moderate,moderate,3092,24,radio/TV,good,3868,161.17,49,4155,student_loan,1
472,23,female,2,own,little,little,448,6,education,good,13539,294.33,47,1409,student_loan,2
473,28,male,1,own,little,little,654,9,car,good,8155,313.65,89,687,personal_loan,2
474,36,male,3,own,,,1238,6,education,good,9673,509.11,92,4544,personal_loan,2
475,33,male,2,own,little,moderate,1245,18,radio/TV,good,5995,499.58,35,4256,car_loan,2
476,26,female,2,rent,little,little,3114,18,furniture/equipment,good,12393,387.28,61,2515,student_loan,2
477,24,male,2,own,quite rich,,2569,39,car,bad,10663,426.52,72,2592,personal_loan,2
478,25,male,2,own,little,rich,5152,24,radio/TV,bad,7502,220.65,31,4144,mortgage,1
479,39,male,1,own,moderate,moderate,1037,12,business,good,8114,427.05,89,2630,credit_card,2
480,44,male,2,own,little,little,1478,15,furniture/equipment,good,10858,571.47,52,857,mortgage,2
481,23,female,1,own,little,moderate,3573,12,radio/TV,bad,14903,931.44,60,2922,credit_card,3
482,26,male,2,own,little,moderate,1201,24,car,good,14621,1329.18,34,4757,personal_loan,1
483,57,female,2,rent,rich,little,3622,30,furniture/equipment,good,7419,176.64,63,5045,car_loan,1
484,30,female,2,own,rich,,960,15,furniture/equipment,good,12466,3116.5,39,1997,mortgage,1
485,44,male,2,own,quite rich,,1163,12,car,good,11674,248.38,31,2658,mortgage,1
486,47,male,3,own,little,moderate,1209,6,car,good,2353,87.15,40,3055,mortgage,2
487,52,male,2,own,little,,3077,12,radio/TV,good,5646,137.71,79,2842,credit_card,2
488,62,female,2,free,little,,3757,24,car,good,13428,1220.73,60,3451,personal_loan,3
489,35,male,1,rent,moderate,,1418,10,car,good,5269,219.54,85,1738,mortgage,3
490,26,male,2,rent,little,,3518,6,car,good,2074,46.09,38,1473,mortgage,1
491,26,male,2,own,little,,1934,12,radio/TV,good,12953,2158.83,50,5227,car_loan,3
492,42,female,3,free,little,moderate,8318,27,business,bad,2648,94.57,57,4465,car_loan,3
493,27,female,2,own,moderate,,1237,6,radio/TV,good,7793,251.39,91,1550,personal_loan,1
494,38,male,2,own,,moderate,368,6,radio/TV,good,7957,169.3,36,4201,personal_loan,1
495,39,male,1,rent,little,little,2122,12,car,good,9009,250.25,45,3280,student_loan,3
496,20,male,2,own,,little,2996,24,furniture/equipment,good,11407,456.28,33,2088,car_loan,2
497,29,male,3,rent,moderate,moderate,9034,36,furniture/equipment,bad,6277,160.95,33,4378,student_loan,3
498,40,male,2,own,little,,1585,24,furniture/equipment,good,14625,1125.0,69,2868,credit_card,3
499,32,male,1,own,little,moderate,1301,18,radio/TV,good,5354,669.25,46,936,student_loan,2
500,28,male,2,own,moderate,rich,1323,6,car,good,14865,743.25,81,3328,mortgage,2
501,27,female,2,own,little,little,3123,24,car,good,3991,173.52,81,2056,student_loan,1
502,42,male,2,free,little,little,5493,36,car,bad,12352,280.73,65,4358,personal_loan,1
503,49,male,2,own,moderate,rich,1126,9,radio/TV,good,4624,121.68,67,1804,credit_card,3
504,38,male,2,own,moderate,moderate,1216,24,radio/TV,good,7191,167.23,79,2884,mortgage,2
505,24,female,2,rent,little,little,1207,24,car,good,4551,113.78,92,682,student_loan,1
506,27,male,1,own,,,1309,10,car,good,1504,41.78,92,2089,credit_card,3
507,36,male,2,own,quite rich,rich,2360,15,car,good,6722,353.79,91,2087,credit_card,2
508,34,male,3,own,moderate,moderate,6850,15,car,good,6815,174.74,36,1159,mortgage,3
509,28,male,2,own,little,,1413,24,radio/TV,good,6369,235.89,56,659,student_loan,1
510,45,male,3,own,moderate,,8588,39,car,bad,2376,59.4,43,4453,credit_card,1
511,26,male,2,own,little,little,759,12,car,good,10683,763.07,34,1511,credit_card,2
512,32,male,3,free,little,,4686,36,car,bad,8527,341.08,84,552,car_loan,3
513,26,male,2,rent,little,rich,2687,15,business,good,5642,128.23,31,2807,credit_card,2
514,20,male,2,rent,little,moderate,585,12,radio/TV,good,8466,352.75,91,1728,car_loan,1
515,54,male,2,own,,,2255,24,car,good,8579,373.0,50,1535,student_loan,1
516,37,female,2,own,little,little,609,6,car,good,9487,327.14,50,4202,student_loan,3
517,40,male,1,own,little,little,1361,6,car,good,8299,251.48,39,4545,student_loan,3
518,23,female,2,rent,little,,7127,36,furniture/equipment,bad,14056,1757.0,87,5445,personal_loan,3
519,43,male,2,own,moderate,little,1203,6,car,good,5965,205.69,68,4949,student_loan,2
520,36,male,2,free,,,700,6,radio/TV,good,2135,50.83,34,1764,credit_card,3
521,44,male,2,free,little,,5507,24,repairs,bad,14917,414.36,94,2384,mortgage,3
522,24,female,2,own,little,little,3190,18,radio/TV,good,3193,228.07,42,2309,car_loan,1
523,53,male,2,free,little,little,7119,48,furniture/equipment,bad,11374,242.0,82,3667,personal_loan,1
524,23,female,2,own,moderate,,3488,24,car,good,6252,694.67,74,4297,student_loan,3
525,26,female,1,own,little,moderate,1113,18,radio/TV,bad,9811,817.58,61,2841,student_loan,3
526,30,male,2,own,little,moderate,7966,26,car,bad,2330,49.57,65,3914,mortgage,1
527,31,female,2,own,moderate,,1532,15,education,good,13367,703.53,89,1317,mortgage,3
528,42,male,1,own,little,,1503,4,radio/TV,good,6677,238.46,40,2937,personal_loan,2
529,31,male,2,rent,little,little,2302,36,radio/TV,bad,11061,480.91,92,1388,car_loan,2
530,41,male,1,own,little,little,662,6,car,good,10432,347.73,50,1167,student_loan,2
531,32,male,2,own,little,moderate,2273,36,education,good,9808,2452.0,81,5228,personal_loan,3
532,28,female,2,rent,moderate,moderate,2631,15,car,good,7449,165.53,84,3124,credit_card,1
533,41,male,2,rent,little,,1503,12,car,good,4338,1446.0,55,4732,credit_card,3
534,26,male,2,own,moderate,,1311,24,radio/TV,good,2650,69.74,97,5023,personal_loan,3
535,25,male,2,own,,,3105,24,radio/TV,good,9060,323.57,63,1318,student_loan,1
536,33,male,2,rent,little,rich,2319,21,education,good,3431,110.68,81,2688,personal_loan,1
537,75,female,3,own,,little,1374,6,car,good,10704,465.39,81,1606,student_loan,1
538,37,female,2,own,little,moderate,3612,18,furniture/equipment,good,3164,243.38,58,2724,mortgage,2
539,42,male,3,free,little,little,7763,48,car,bad,2581,61.45,67,697,personal_loan,3
540,45,female,1,own,little,rich,3049,18,furniture/equipment,good,14421,1109.31,71,3171,student_loan,1
541,23,male,2,rent,little,moderate,1534,12,radio/TV,good,2012,52.95,50,3992,personal_loan,3
542,60,male,2,free,little,,2032,24,car,good,12541,305.88,71,2948,personal_loan,2
543,31,male,2,own,,little,6350,30,furniture/equipment,bad,14907,354.93,42,970,student_loan,2
544,34,male,1,own,little,rich,2864,18,furniture/equipment,good,9305,251.49,93,2448,student_loan,1
545,61,male,1,own,little,,1255,12,car,good,6737,187.14,46,4399,car_loan,1
546,43,male,2,free,little,little,1333,24,car,good,2059,79.19,38,2510,personal_loan,3
547,37,female,2,own,little,,2022,24,car,good,5172,215.5,70,4300,credit_card,1
548,32,male,2,own,little,,1552,24,radio/TV,good,14275,2039.29,30,4618,personal_loan,3
549,24,female,1,own,little,little,626,12,radio/TV,bad,8904,254.4,31,4296,personal_loan,1
550,35,male,2,free,,,8858,48,car,bad,14684,386.42,89,4488,student_loan,3
551,23,female,2,own,,,996,12,repairs,good,4843,220.14,77,734,personal_loan,3
552,45,male,1,own,quite rich,,1750,6,radio/TV,good,5570,265.24,58,1428,personal_loan,3
553,34,male,2,own,little,little,6999,48,radio/TV,bad,14491,391.65,39,4107,credit_card,3
554,27,male,2,own,moderate,moderate,1995,12,car,good,11162,248.04,87,1022,student_loan,2
555,67,female,3,own,little,moderate,1199,9,education,good,2080,109.47,89,4023,personal_loan,3
556,22,male,2,own,little,moderate,1331,12,radio/TV,good,8504,180.94,50,5026,mortgage,1
557,28,female,2,own,moderate,moderate,2278,18,car,good,11986,266.36,57,5388,car_loan,2
558,29,female,2,own,,,5003,21,car,bad,9630,267.5,63,2129,credit_card,2
559,27,male,2,own,little,little,3552,24,furniture/equipment,good,4647,422.45,37,5128,personal_loan,3
560,31,male,1,own,little,moderate,1928,18,furniture/equipment,good,5749,205.32,88,1816,mortgage,2
561,49,male,2,free,,little,2964,24,car,good,3179,794.75,78,3357,personal_loan,3
562,24,male,1,rent,little,little,1546,24,radio/TV,good,5006,455.09,46,1624,personal_loan,1
563,29,female,2,own,little,rich,683,6,radio/TV,good,14784,1344.0,89,3087,student_loan,3
564,37,male,2,free,,moderate,12389,36,car,bad,8753,208.4,74,1523,student_loan,2
565,37,male,3,own,,moderate,4712,24,business,bad,4244,223.37,98,1878,student_loan,1
566,23,female,2,rent,moderate,moderate,1553,24,radio/TV,good,13048,4349.33,61,3874,mortgage,3
567,36,male,2,own,little,little,1372,12,car,good,13737,508.78,73,2019,personal_loan,1
568,34,male,2,own,rich,,2578,24,radio/TV,good,10935,243.0,94,726,car_loan,1
569,41,male,2,own,,moderate,3979,48,radio/TV,bad,6688,159.24,37,5468,credit_card,2
570,31,female,2,own,little,little,6758,48,radio/TV,bad,12810,291.14,72,1391,student_loan,1
571,23,female,1,rent,little,little,3234,24,furniture/equipment,bad,14796,548.0,30,4572,student_loan,2
572,38,male,2,own,little,,5954,30,radio/TV,bad,3641,88.8,80,2757,personal_loan,1
573,26,female,3,rent,,,5433,24,car,bad,14745,398.51,53,3288,personal_loan,3
574,22,female,1,own,little,little,806,15,business,bad,12751,2550.2,53,896,mortgage,1
575,27,male,1,own,little,moderate,1082,9,radio/TV,good,14240,365.13,46,2578,mortgage,3
576,24,female,2,own,little,,2788,15,furniture/equipment,good,12651,275.02,34,5244,student_loan,3
577,27,female,2,own,little,moderate,2930,12,radio/TV,good,11957,259.93,49,4924,personal_loan,1
578,33,female,2,own,,,1927,24,education,good,8117,253.66,50,3737,car_loan,3
579,27,male,2,own,little,moderate,2820,36,car,bad,3979,99.48,87,4393,credit_card,1
580,27,male,1,own,little,,937,24,education,good,7984,221.78,60,2505,personal_loan,1
581,30,male,2,own,little,moderate,1056,18,car,good,14338,1024.14,40,2516,personal_loan,3
582,49,male,1,own,little,moderate,3124,12,car,good,11327,539.38,81,3671,mortgage,3
583,26,female,2,rent,little,,1388,9,furniture/equipment,good,8921,228.74,44,3168,credit_card,2
584,33,male,1,rent,little,moderate,2384,36,repairs,bad,11449,248.89,36,2378,student_loan,3
585,52,female,3,free,,,2133,12,car,good,5952,313.26,57,1696,personal_loan,2
586,20,female,2,rent,little,little,2039,18,furniture/equipment,good,11762,980.17,80,2272,student_loan,3
587,36,male,2,rent,little,little,2799,9,car,good,7381,527.21,87,661,personal_loan,1
588,21,male,1,own,little,little,1289,12,furniture/equipment,good,8165,453.61,34,4476,student_loan,3
589,47,male,1,own,little,little,1217,18,domestic appliances,good,4349,167.27,34,2251,credit_card,1
590,60,male,2,own,little,little,2246,12,furniture/equipment,good,12943,616.33,37,1275,mortgage,1
591,58,female,1,own,little,little,385,12,radio/TV,good,8890,889.0,93,1439,credit_card,1
592,42,female,2,rent,,moderate,1965,24,car,good,8405,254.7,39,3720,car_loan,2
593,36,female,1,own,rich,,1572,21,business,good,13422,583.57,67,1039,mortgage,3
594,20,female,1,rent,little,moderate,2718,24,car,bad,3989,209.95,37,5417,credit_card,1
595,40,male,3,own,,little,1358,24,vacation/others,good,11323,452.92,54,1961,car_loan,1
596,32,female,1,own,moderate,moderate,931,6,car,good,12508,320.72,95,855,personal_loan,2
597,23,female,2,rent,little,little,1442,24,car,good,10707,594.83,79,4104,personal_loan,3
598,36,male,1,own,little,moderate,4241,24,business,bad,11040,1380.0,96,3823,student_loan,3
599,31,male,2,own,little,,2775,18,car,good,6111,611.1,78,734,mortgage,2
600,32,male,2,free,little,,3863,24,business,good,12779,473.3,65,2048,personal_loan,2
601,45,female,2,own,little,moderate,2329,7,radio/TV,good,4339,216.95,97,2596,mortgage,3
602,30,female,2,own,little,moderate,918,9,furniture/equipment,good,10027,371.37,70,4713,personal_loan,2
603,34,female,1,free,little,moderate,1837,24,education,good,7378,527.0,91,2601,student_loan,3
604,28,female,3,own,little,,3349,36,furniture/equipment,bad,14284,840.24,39,2173,credit_card,3
605,23,female,2,own,little,rich,1275,10,furniture/equipment,good,10587,378.11,50,2600,student_loan,1
606,22,male,2,own,quite rich,little,2828,24,furniture/equipment,good,7803,181.47,65,4157,car_loan,1
607,74,male,3,own,little,,4526,24,business,good,13238,281.66,41,5153,personal_loan,3
608,50,female,2,free,moderate,moderate,2671,36,radio/TV,bad,2351,83.96,31,4096,car_loan,3
609,33,male,2,own,little,,2051,18,radio/TV,good,3187,93.74,42,4248,car_loan,3
610,45,male,2,free,,,1300,15,car,good,11623,968.58,82,3673,mortgage,3
611,22,female,2,own,moderate,little,741,12,domestic appliances,good,8333,462.94,61,2315,personal_loan,3
612,48,female,1,free,moderate,rich,1240,10,car,good,13438,1493.11,45,4341,car_loan,3
613,29,female,2,own,rich,little,3357,21,radio/TV,good,3927,206.68,61,2505,credit_card,2
614,22,female,2,rent,little,little,3632,24,car,good,11260,450.4,61,4993,car_loan,3
615,22,female,2,own,little,,1808,18,furniture/equipment,good,5500,196.43,40,1174,credit_card,2
616,48,male,3,own,,moderate,12204,48,business,bad,6552,284.87,39,886,mortgage,2
617,27,male,3,free,,moderate,9157,60,radio/TV,bad,4238,176.58,44,2658,car_loan,3
618,37,male,2,rent,little,little,3676,6,car,good,13190,1465.56,46,3161,student_loan,3
619,21,female,2,rent,moderate,moderate,3441,30,furniture/equipment,bad,7232,452.0,69,2564,mortgage,2
620,49,male,1,own,little,,640,12,car,good,6887,405.12,47,4351,credit_card,2
621,27,male,2,own,little,moderate,3652,21,business,good,9502,1055.78,84,3753,mortgage,3
622,32,male,2,own,little,,1530,18,car,good,7036,639.64,54,5479,car_loan,3
623,38,male,2,own,,,3914,48,business,good,14979,1497.9,88,5136,personal_loan,2
624,22,female,2,rent,little,little,1858,12,furniture/equipment,good,5413,216.52,51,4766,personal_loan,2
625,65,male,2,free,little,little,2600,18,radio/TV,good,2566,82.77,59,1239,credit_card,2
626,35,male,2,own,,,1979,15,radio/TV,good,9223,461.15,73,1901,credit_card,1
627,41,male,2,own,little,rich,2116,6,furniture/equipment,good,5880,178.18,61,3759,personal_loan,2
628,29,male,2,own,moderate,moderate,1437,9,car,good,12136,379.25,80,2777,credit_card,1
629,36,male,2,own,quite rich,,4042,42,furniture/equipment,bad,5607,136.76,75,4404,mortgage,3
630,64,male,1,own,,,3832,9,education,good,7226,195.3,50,4423,student_loan,3
631,28,female,2,own,little,little,3660,24,radio/TV,good,4873,243.65,61,4714,student_loan,2
632,44,male,2,own,little,little,1553,18,furniture/equipment,good,13661,310.48,68,3727,mortgage,3
633,23,male,2,own,,moderate,1444,15,radio/TV,good,12238,298.49,41,3331,student_loan,3
634,19,female,2,rent,little,,1980,9,furniture/equipment,good,10445,549.74,76,4258,car_loan,3
635,25,female,1,own,little,moderate,1355,24,car,bad,3582,223.88,47,3012,mortgage,3
636,47,male,2,own,little,,1393,12,education,good,12466,377.76,50,2651,credit_card,1
637,28,female,2,own,quite rich,,1376,24,radio/TV,good,12588,484.15,42,4175,mortgage,1
638,21,male,2,own,little,,15653,60,radio/TV,bad,13877,375.05,50,3245,personal_loan,2
639,34,female,2,own,little,,1493,12,radio/TV,good,10467,227.54,37,4366,credit_card,2
640,26,male,2,own,little,little,4370,42,radio/TV,bad,8248,175.49,75,4264,personal_loan,2
641,27,female,0,own,little,little,750,18,education,good,11317,314.36,36,2722,credit_card,3
642,38,male,1,own,little,moderate,1308,15,repairs,good,12761,2552.2,52,3292,student_loan,3
643,40,male,3,own,moderate,,4623,15,education,bad,1917,49.15,51,2197,mortgage,1
644,33,male,2,own,little,,1851,24,radio/TV,good,9806,217.91,51,3962,car_loan,1
645,32,male,3,own,little,little,1880,18,radio/TV,good,10308,245.43,58,4563,credit_card,2
646,27,male,2,rent,,,7980,36,business,bad,5474,195.5,42,2024,credit_card,1
647,32,male,2,own,little,little,4583,30,furniture/equipment,bad,4767,190.68,31,5260,personal_loan,1
648,26,female,2,own,quite rich,,1386,12,car,good,2325,50.54,58,532,student_loan,1
649,38,male,2,free,little,rich,947,24,car,good,9168,223.61,81,4525,personal_loan,1
650,40,male,1,rent,little,little,684,12,education,good,7245,426.18,56,3066,personal_loan,1
651,50,male,3,free,little,little,7476,48,education,bad,11208,1868.0,79,3303,student_loan,2
652,37,male,1,own,little,moderate,1922,12,furniture/equipment,good,12838,414.13,52,4396,car_loan,2
653,45,male,2,own,little,little,2303,24,car,good,1912,79.67,73,4209,personal_loan,1
654,42,male,3,own,moderate,moderate,8086,36,car,bad,9043,334.93,51,1219,personal_loan,2
655,35,male,2,own,little,,2346,24,car,good,9087,605.8,72,5079,credit_card,3
656,22,male,2,free,little,little,3973,14,car,bad,2228,111.4,66,1472,student_loan,1
657,41,male,1,own,little,moderate,888,12,car,good,13040,372.57,90,4218,mortgage,3
658,37,male,2,own,,,10222,48,radio/TV,bad,8664,481.33,85,4902,car_loan,2
659,28,female,2,own,little,moderate,4221,30,business,bad,12500,265.96,32,5052,car_loan,2
660,41,male,2,own,little,moderate,6361,18,furniture/equipment,bad,10367,235.61,92,2707,student_loan,3
661,23,male,2,rent,little,rich,1297,12,radio/TV,good,13157,286.02,48,4926,credit_card,2
662,23,male,2,own,,little,900,12,car,good,7488,1872.0,52,4820,credit_card,1
663,50,male,2,own,little,,2241,21,furniture/equipment,good,4004,108.22,58,3530,student_loan,3
664,35,male,3,own,little,moderate,1050,6,furniture/equipment,good,4467,101.52,59,4075,credit_card,1
665,50,female,1,own,little,rich,1047,6,education,good,4286,119.06,68,3616,car_loan,3
666,27,male,3,own,little,,6314,24,vacation/others,good,2622,81.94,54,3785,car_loan,2
667,34,male,2,own,rich,moderate,3496,30,furniture/equipment,bad,5579,371.93,37,1143,mortgage,3
668,27,female,2,own,little,,3609,48,business,bad,3071,204.73,87,5211,student_loan,3
669,43,male,2,rent,little,little,4843,12,car,good,6573,328.65,45,694,personal_loan,1
670,47,male,2,own,little,rich,3017,30,radio/TV,good,6604,194.24,30,4496,personal_loan,2
671,27,male,1,own,moderate,,4139,24,business,bad,3643,107.15,34,988,mortgage,1
672,31,male,2,own,moderate,,5742,36,business,bad,11379,307.54,32,2704,mortgage,2
673,42,male,3,own,little,,10366,60,car,bad,8306,202.59,94,3157,credit_card,1
674,24,male,2,own,quite rich,,2080,6,car,good,8857,285.71,33,3776,mortgage,3
675,41,male,1,own,quite rich,,2580,21,business,good,13824,445.94,93,1602,mortgage,1
676,26,female,3,rent,little,,4530,30,radio/TV,bad,13543,294.41,39,1741,personal_loan,2
677,33,male,2,own,little,,5150,24,furniture/equipment,bad,4940,274.44,50,1015,credit_card,2
678,24,male,2,own,moderate,moderate,5595,72,radio/TV,bad,5266,114.48,75,892,mortgage,3
679,64,male,1,rent,little,little,2384,24,radio/TV,good,7144,595.33,56,1130,mortgage,2
680,26,female,2,own,little,,1453,18,radio/TV,good,12018,375.56,95,4216,credit_card,1
681,56,female,2,own,little,,1538,6,education,good,4414,163.48,70,2347,student_loan,3
682,37,male,2,free,,,2279,12,radio/TV,good,6468,157.76,42,3155,credit_card,2
683,33,male,2,own,little,,1478,15,radio/TV,good,7417,337.14,38,1479,personal_loan,2
684,47,male,2,free,little,,5103,24,radio/TV,bad,13644,1949.14,65,5029,student_loan,1
685,31,male,1,own,moderate,moderate,9857,36,business,bad,10287,3429.0,87,3902,car_loan,1
686,34,male,2,free,,,6527,60,car,bad,2228,69.62,83,4371,credit_card,3
687,27,male,2,own,,rich,1347,10,radio/TV,good,2865,573.0,41,777,personal_loan,2
688,30,male,2,free,moderate,moderate,2862,36,car,good,5992,127.49,43,732,student_loan,1
689,35,male,2,own,moderate,,2753,9,radio/TV,good,2198,137.38,63,2052,credit_card,3
690,31,male,2,own,rich,little,3651,12,car,good,8686,271.44,82,3770,mortgage,2
691,25,male,2,own,little,little,975,15,furniture/equipment,good,1895,315.83,49,2909,credit_card,2
692,25,female,1,own,moderate,moderate,2631,15,repairs,bad,8900,445.0,45,4012,car_loan,3
693,29,male,2,own,moderate,moderate,2896,24,radio/TV,good,9582,245.69,99,525,credit_card,3
694,44,male,1,own,,little,4716,6,car,bad,5671,210.04,85,960,student_loan,1
695,28,male,2,own,little,,2284,24,radio/TV,good,5860,1953.33,87,4264,student_loan,2
696,50,male,2,rent,quite rich,,1236,6,car,good,4002,235.41,33,3931,credit_card,2
697,29,male,2,own,little,moderate,1103,12,radio/TV,good,11511,1046.45,33,3983,student_loan,2
698,38,female,0,own,little,,926,12,car,good,2217,130.41,49,2494,mortgage,3
699,24,male,2,own,little,,1800,18,radio/TV,good,4282,164.69,39,990,credit_card,1
700,40,male,3,rent,little,rich,1905,15,education,good,6446,1074.33,53,1572,mortgage,2
701,29,female,1,rent,quite rich,,1123,12,furniture/equipment,good,13269,947.79,55,3673,mortgage,3
702,46,male,2,free,little,little,6331,48,car,bad,6986,179.13,66,715,personal_loan,2
703,47,female,2,free,moderate,rich,1377,24,radio/TV,good,9835,252.18,83,2223,credit_card,1
704,41,male,2,own,moderate,moderate,2503,30,business,bad,6480,144.0,50,2092,student_loan,2
705,32,female,2,own,little,moderate,2528,27,business,good,12832,1604.0,67,3106,mortgage,1
706,35,female,2,free,quite rich,,5324,15,car,good,8766,213.8,75,658,personal_loan,1
707,24,male,2,own,moderate,moderate,6560,48,car,bad,5991,230.42,33,5281,credit_card,2
708,25,female,2,rent,little,moderate,2969,12,furniture/equipment,good,8692,668.62,89,3813,credit_card,2
709,25,female,2,own,little,moderate,1206,9,radio/TV,good,12630,842.0,86,3341,car_loan,1
710,37,male,1,own,little,moderate,2118,9,radio/TV,good,7088,196.89,74,2276,car_loan,3
711,32,male,3,own,quite rich,,629,18,radio/TV,good,9151,338.93,49,2552,mortgage,1
712,35,female,2,free,little,little,1198,6,education,good,5136,570.67,46,2795,car_loan,2
713,46,male,3,own,,,2476,21,car,good,12914,2152.33,33,2196,mortgage,2
714,25,male,1,own,little,little,1138,9,radio/TV,bad,2667,266.7,43,3493,student_loan,3
715,27,male,3,own,little,moderate,14027,60,car,bad,12308,559.45,32,2969,mortgage,1
716,63,male,2,own,,,7596,30,car,bad,2562,82.65,87,2446,car_loan,1
717,40,male,2,own,,,3077,30,radio/TV,good,3656,77.79,84,4309,student_loan,1
718,32,male,3,free,little,,1505,18,radio/TV,good,9360,780.0,33,3283,car_loan,2
719,31,male,2,own,,rich,3148,24,radio/TV,good,6661,148.02,53,4144,mortgage,1
720,31,male,2,own,moderate,moderate,6148,20,car,bad,6805,189.03,63,3000,personal_loan,3
721,34,male,3,own,little,rich,1337,9,radio/TV,good,12674,452.64,59,4145,credit_card,2
722,24,female,2,rent,rich,moderate,433,6,education,good,8041,187.0,48,3145,car_loan,2
723,24,female,1,own,little,little,1228,12,car,bad,12986,2597.2,60,2849,mortgage,1
724,66,female,1,own,quite rich,moderate,790,9,radio/TV,good,6229,778.62,89,2432,student_loan,3
725,21,female,2,rent,little,,2570,27,car,bad,10848,1549.71,89,3794,car_loan,2
726,41,female,1,own,rich,,250,6,car,good,8830,1261.43,48,2257,car_loan,2
727,47,male,1,own,quite rich,,1316,15,radio/TV,good,6834,273.36,78,1616,credit_card,1
728,25,female,2,rent,little,little,1882,18,radio/TV,good,10424,947.64,92,3067,mortgage,1
729,59,female,2,rent,little,moderate,6416,48,business,bad,5830,157.57,51,3999,personal_loan,3
730,36,male,2,own,rich,rich,1275,24,business,good,9510,432.27,53,992,student_loan,1
731,33,male,2,own,little,moderate,6403,24,radio/TV,good,8301,188.66,59,3806,mortgage,3
732,21,male,1,rent,little,little,1987,24,radio/TV,good,6346,171.51,87,1119,student_loan,2
733,44,female,1,own,little,moderate,760,8,radio/TV,good,8231,411.55,60,3732,car_loan,3
734,28,female,2,rent,rich,,2603,24,car,good,8741,460.05,93,4323,credit_card,3
735,37,female,2,own,little,,3380,4,car,good,2453,94.35,48,2880,credit_card,3
736,29,female,0,own,,moderate,3990,36,domestic appliances,bad,4039,807.8,77,2046,personal_loan,2
737,23,female,3,rent,little,moderate,11560,24,car,bad,8556,251.65,74,5458,credit_card,1
738,35,male,1,own,moderate,little,4380,18,car,bad,13016,351.78,84,4063,car_loan,2
739,45,male,3,own,little,,6761,6,car,good,12993,324.82,84,2105,personal_loan,1
740,26,female,1,rent,moderate,moderate,4280,30,business,bad,3042,202.8,47,4252,mortgage,3
741,32,male,2,own,moderate,little,2325,24,car,good,6793,251.59,92,5175,credit_card,3
742,23,male,1,own,little,moderate,1048,10,radio/TV,bad,2691,244.64,76,2390,personal_loan,3
743,41,male,2,own,,,3160,21,radio/TV,good,7813,1302.17,86,1775,car_loan,3
744,22,male,2,own,quite rich,little,2483,24,furniture/equipment,good,12685,792.81,74,3243,student_loan,3
745,30,male,3,own,,little,14179,39,furniture/equipment,bad,8438,216.36,62,2993,student_loan,1
746,28,male,1,own,little,little,1797,13,business,good,4181,116.14,46,856,car_loan,1
747,23,female,2,rent,little,little,2511,15,car,good,10909,839.15,99,1369,car_loan,3
748,37,female,1,own,little,little,1274,12,car,good,3040,70.7,33,1385,student_loan,2
749,26,male,2,own,,,5248,21,car,bad,7672,1534.4,49,2501,personal_loan,2
750,33,male,2,own,little,,3029,15,car,good,12928,430.93,76,1783,student_loan,3
751,49,female,2,own,little,little,428,6,furniture/equipment,good,7041,227.13,44,1119,car_loan,1
752,23,female,1,own,little,little,976,18,car,good,12078,1098.0,99,1382,credit_card,2
753,23,female,1,rent,moderate,moderate,841,12,business,bad,13411,2682.2,76,1296,mortgage,2
754,25,female,2,own,little,,5771,30,radio/TV,bad,11080,410.37,38,4142,credit_card,2
755,55,male,2,free,rich,,1555,12,repairs,good,11548,320.78,45,3925,credit_card,3
756,32,female,2,rent,,little,1285,24,car,good,2865,204.64,98,1796,car_loan,2
757,74,male,0,own,little,rich,1299,6,car,good,10191,231.61,90,5214,student_loan,2
758,39,male,2,free,,rich,1271,15,radio/TV,good,11372,1033.82,39,744,personal_loan,2
759,31,male,2,own,little,,1393,24,car,good,10202,600.12,79,3395,credit_card,2
760,35,male,2,own,little,little,691,12,car,good,8994,214.14,32,1429,student_loan,1
761,59,female,2,own,,,5045,15,car,bad,5812,215.26,99,1019,personal_loan,3
762,24,female,2,rent,little,little,2124,18,furniture/equipment,good,2824,403.43,80,3712,credit_card,3
763,24,male,1,own,little,little,2214,12,radio/TV,good,10847,834.38,48,2909,personal_loan,1
764,30,male,3,free,,,12680,21,car,bad,11519,319.97,71,507,student_loan,1
765,27,male,2,own,moderate,,2463,24,car,good,4641,178.5,64,3025,mortgage,3
766,40,male,1,own,little,moderate,1155,12,radio/TV,good,8919,524.65,75,3923,student_loan,2
767,31,male,1,own,little,little,3108,30,furniture/equipment,bad,4986,124.65,55,2519,car_loan,2
768,31,female,2,rent,,,2901,10,car,good,3310,331.0,98,5090,personal_loan,3
769,28,male,2,rent,little,moderate,3617,12,furniture/equipment,good,8088,1155.43,93,4782,mortgage,2
770,63,male,1,own,little,,1655,12,radio/TV,good,4423,157.96,66,4167,personal_loan,1
771,26,female,2,rent,,little,2812,24,car,good,6801,340.05,78,4171,personal_loan,2
772,25,female,3,own,little,little,8065,36,education,bad,11906,1488.25,50,3301,credit_card,2
773,36,male,3,own,little,,3275,21,car,good,5686,145.79,93,585,car_loan,2
774,52,male,2,own,moderate,,2223,24,radio/TV,good,10405,693.67,34,3615,personal_loan,3
775,66,male,0,free,quite rich,rich,1480,12,car,good,7477,249.23,99,4732,student_loan,1
776,25,female,2,rent,,little,1371,24,car,good,13294,1899.14,33,2968,student_loan,2
777,37,male,2,own,little,,3535,36,car,good,13826,921.73,68,4119,credit_card,3
778,25,female,2,own,little,little,3509,18,radio/TV,good,13214,695.47,64,2136,car_loan,2
779,38,male,3,own,rich,,5711,36,car,bad,5768,137.33,30,4083,car_loan,1
780,67,female,2,own,little,moderate,3872,18,repairs,good,6248,132.94,53,4509,student_loan,2
781,25,male,2,own,little,moderate,4933,39,radio/TV,bad,6349,186.74,86,3826,mortgage,1
782,60,male,2,own,rich,,1940,24,car,good,10935,352.74,99,2718,credit_card,2
783,31,male,1,own,little,moderate,1410,12,education,good,5209,1041.8,70,2717,credit_card,1
784,23,female,1,own,moderate,moderate,836,12,car,bad,10773,256.5,83,5467,student_loan,2
785,60,male,3,own,,moderate,6468,20,car,bad,8119,225.53,75,2869,student_loan,1
786,35,male,1,own,rich,moderate,1941,18,business,good,10147,241.6,89,4138,mortgage,2
787,40,male,2,own,quite rich,,2675,22,radio/TV,good,14616,504.0,89,3003,mortgage,2
788,38,male,2,own,,,2751,48,car,bad,10586,705.73,86,1443,car_loan,3
789,50,male,2,free,little,moderate,6224,48,education,bad,11076,235.66,60,3337,credit_card,3
790,27,male,2,own,little,little,5998,40,education,bad,11650,332.86,53,3160,credit_card,1
791,39,female,2,own,little,moderate,1188,21,business,good,4572,571.5,65,3436,student_loan,2
792,41,male,3,own,,,6313,24,car,bad,8030,308.85,59,4944,car_loan,1
793,27,male,2,own,,,1221,6,furniture/equipment,good,11688,556.57,53,4447,credit_card,3
794,51,male,2,free,little,rich,2892,24,furniture/equipment,good,13977,776.5,59,2176,car_loan,1
795,32,male,2,rent,quite rich,,3062,24,furniture/equipment,good,2004,47.71,36,1696,car_loan,1
796,22,female,2,rent,moderate,,2301,9,furniture/equipment,good,2714,90.47,64,4605,student_loan,3
797,51,male,2,free,,little,7511,18,car,good,3031,86.6,84,3287,car_loan,2
798,22,female,1,rent,little,,1258,12,furniture/equipment,good,13132,305.4,43,1961,mortgage,1
799,54,male,2,own,,,717,24,car,good,9076,605.07,39,3818,mortgage,3
800,35,male,0,own,,moderate,1549,9,car,good,2323,51.62,45,1166,personal_loan,2
801,54,male,2,free,little,,1597,24,education,good,2428,51.66,83,2676,student_loan,3
802,48,female,1,rent,little,moderate,1795,18,radio/TV,good,6529,241.81,99,4243,personal_loan,1
803,24,female,2,own,little,little,4272,20,furniture/equipment,bad,14928,339.27,73,1100,mortgage,2
804,35,male,2,own,,,976,12,radio/TV,good,1633,42.97,74,3152,personal_loan,2
805,24,female,0,rent,,moderate,7472,12,car,bad,3605,124.31,85,4922,student_loan,3
806,24,male,2,own,little,little,9271,36,car,bad,5127,128.18,86,4324,student_loan,3
807,26,male,1,own,little,moderate,590,6,radio/TV,bad,14472,1608.0,50,4406,car_loan,3
808,65,male,2,own,,,930,12,radio/TV,good,7816,1116.57,97,1479,credit_card,2
809,55,male,3,free,little,moderate,9283,42,car,bad,3352,74.49,79,2951,car_loan,2
810,26,female,0,rent,little,moderate,1778,15,car,good,6410,136.38,62,1128,student_loan,1
811,26,male,2,own,little,moderate,907,8,business,good,14960,453.33,36,2129,mortgage,2
812,28,male,1,own,little,moderate,484,6,radio/TV,good,5675,227.0,99,4196,mortgage,1
813,24,male,2,own,little,little,9629,36,car,bad,12625,286.93,44,3930,car_loan,3
814,54,male,2,own,little,little,3051,48,domestic appliances,bad,12976,1081.33,61,4174,student_loan,3
815,46,male,2,free,little,little,3931,48,car,bad,13990,411.47,49,4429,mortgage,2
816,54,female,2,rent,little,moderate,7432,36,car,bad,12503,277.84,44,3265,student_loan,3
817,62,male,2,own,quite rich,,1338,6,domestic appliances,good,6848,214.0,77,4869,mortgage,3
818,24,female,2,rent,little,,1554,6,radio/TV,good,10942,266.88,50,5280,student_loan,2
819,43,male,3,own,little,little,15857,36,vacation/others,bad,13204,400.12,71,615,personal_loan,1
820,26,male,2,own,little,little,1345,18,radio/TV,good,7690,384.5,55,5456,student_loan,2
821,27,male,2,own,little,,1101,12,car,good,2756,72.53,43,2503,student_loan,1
822,24,male,2,own,little,rich,3016,12,radio/TV,good,4876,1219.0,86,1192,car_loan,2
823,41,male,2,own,little,little,2712,36,furniture/equipment,bad,7145,446.56,66,3662,personal_loan,2
824,47,male,1,own,little,little,731,8,car,good,14954,996.93,87,1605,credit_card,3
825,35,male,3,own,little,,3780,18,furniture/equipment,good,4986,160.84,50,3508,car_loan,2
826,30,male,2,own,little,little,1602,21,car,good,5084,363.14,98,2661,credit_card,2
827,33,female,2,rent,little,little,3966,18,car,good,11088,270.44,32,653,mortgage,1
828,36,male,2,own,little,,4165,18,business,bad,13329,3332.25,66,4199,credit_card,3
829,47,male,2,free,,little,8335,36,car,bad,9553,280.97,78,4910,student_loan,1
830,38,male,2,free,,moderate,6681,48,business,bad,4830,322.0,48,4286,credit_card,1
831,44,male,2,own,quite rich,,2375,24,business,good,4203,144.93,41,1564,car_loan,3
832,23,female,2,rent,little,little,1216,18,car,good,10162,236.33,90,4700,car_loan,3
833,29,male,2,rent,little,little,11816,45,business,bad,9620,506.32,70,2413,credit_card,3
834,42,female,2,own,,moderate,5084,24,radio/TV,bad,8614,205.1,62,1716,car_loan,2
835,25,female,1,own,little,rich,2327,15,radio/TV,good,14823,449.18,79,2901,car_loan,3
836,48,male,2,own,little,little,1082,12,car,good,2853,79.25,97,2272,credit_card,3
837,21,female,2,own,,,886,12,radio/TV,good,12475,479.81,62,2460,personal_loan,3
838,23,female,1,rent,little,,601,4,furniture/equipment,good,12523,266.45,53,3280,personal_loan,1
839,63,male,2,own,little,little,2957,24,car,good,6563,177.38,90,5304,mortgage,1
840,46,male,2,own,little,,2611,24,radio/TV,good,10049,1256.12,90,5246,car_loan,2
841,29,male,2,own,little,little,5179,36,furniture/equipment,bad,12711,605.29,57,3371,credit_card,1
842,28,male,1,own,little,,2993,21,car,good,9075,283.59,87,1160,car_loan,2
843,23,female,2,own,little,,1943,18,repairs,good,2167,240.78,72,3135,student_loan,1
844,50,male,2,own,little,,1559,24,business,good,5968,497.33,70,2829,car_loan,3
845,47,male,2,own,little,,3422,18,furniture/equipment,good,14819,344.63,68,4454,car_loan,1
846,35,male,2,own,,moderate,3976,21,furniture/equipment,good,10837,318.74,78,2950,personal_loan,2
847,68,male,2,rent,,,6761,18,car,bad,8319,231.08,46,1632,credit_card,1
848,28,male,2,own,little,,1249,24,car,good,13877,462.57,99,1199,car_loan,3
849,59,male,2,own,little,little,1364,9,radio/TV,good,5219,307.0,99,2538,personal_loan,2
850,57,male,1,own,little,little,709,12,radio/TV,good,4245,132.66,94,5147,mortgage,3
851,33,male,2,rent,little,little,2235,20,car,good,8983,230.33,34,5000,personal_loan,3
852,43,male,2,own,,,4042,24,car,bad,2039,65.77,31,5057,personal_loan,2
853,35,male,2,free,little,,1471,15,radio/TV,good,12471,519.62,51,2679,personal_loan,3
854,32,male,1,free,little,little,1442,18,car,good,6464,1077.33,86,3338,car_loan,3
855,45,male,2,own,little,,10875,36,car,bad,13828,628.55,95,1373,car_loan,1
856,33,male,2,own,moderate,,1474,24,car,good,6335,186.32,45,583,mortgage,3
857,40,female,2,own,,,894,10,education,good,5275,138.82,80,1922,student_loan,3
858,28,male,2,free,little,,3343,15,furniture/equipment,good,7542,1257.0,68,3175,student_loan,3
859,29,female,2,own,little,little,3959,15,car,good,8602,296.62,69,3680,student_loan,3
860,26,male,2,rent,moderate,,3577,9,car,good,8812,463.79,67,4816,mortgage,2
861,27,male,2,own,rich,,5804,24,car,bad,6820,487.14,89,4475,student_loan,1
862,28,male,2,own,little,,2169,18,business,good,14716,613.17,88,1891,student_loan,3
863,35,female,2,own,little,little,2439,24,radio/TV,good,7632,401.68,39,3718,personal_loan,3
864,32,male,1,own,rich,,4526,27,furniture/equipment,bad,9391,782.58,93,4707,car_loan,2
865,25,male,1,rent,little,,2210,10,furniture/equipment,bad,12200,4066.67,92,1114,car_loan,3
866,20,female,2,rent,quite rich,,2221,15,furniture/equipment,good,4279,178.29,78,3471,personal_loan,2
867,27,female,2,own,little,little,2389,18,radio/TV,good,2424,86.57,93,4065,personal_loan,1
868,42,male,2,own,little,,3331,12,furniture/equipment,good,12648,632.4,61,4076,personal_loan,1
869,37,male,2,own,,,7409,36,business,bad,3081,192.56,36,5070,car_loan,3
870,24,female,2,rent,little,little,652,12,furniture/equipment,good,9214,297.23,50,770,student_loan,3
871,40,female,2,own,quite rich,,7678,36,furniture/equipment,bad,4824,344.57,49,4566,personal_loan,3
872,46,male,2,own,little,rich,1343,6,car,good,14177,373.08,55,2968,mortgage,2
873,26,male,2,own,moderate,little,1382,24,business,good,7213,194.95,97,1890,personal_loan,3
874,24,female,2,own,,,874,15,domestic appliances,good,8526,609.0,44,3854,credit_card,3
875,29,male,1,own,little,little,3590,12,furniture/equipment,good,1755,195.0,43,4635,personal_loan,1
876,40,female,2,own,rich,moderate,1322,11,car,good,6304,203.35,56,4107,car_loan,3
877,36,male,3,free,little,little,1940,18,radio/TV,good,3338,256.77,69,3083,personal_loan,1
878,28,male,2,own,little,,3595,36,radio/TV,bad,11636,332.46,87,4573,credit_card,3
879,27,male,3,free,little,little,1422,9,car,good,1509,188.62,57,3575,mortgage,1
880,36,male,2,own,,,6742,30,radio/TV,bad,4371,257.12,55,4406,student_loan,3
881,38,male,3,own,little,,7814,24,car,good,10489,308.5,92,789,personal_loan,1
882,48,male,2,free,,,9277,24,car,bad,8909,685.31,95,2980,credit_card,2
883,36,male,2,own,,moderate,2181,30,car,good,8918,356.72,54,3752,credit_card,1
884,65,female,0,own,little,,1098,18,radio/TV,good,14664,523.71,32,778,mortgage,1
885,43,male,2,own,little,moderate,4057,24,furniture/equipment,bad,6624,184.0,73,3424,car_loan,1
886,53,female,2,own,little,little,795,12,education,good,2515,69.86,71,1080,personal_loan,3
887,34,male,2,own,,moderate,2825,24,business,good,11516,371.48,35,5458,credit_card,3
888,23,male,2,own,little,moderate,15672,48,business,bad,14161,2360.17,68,753,mortgage,3
889,34,male,3,own,little,,6614,36,car,bad,12828,675.16,81,4776,student_loan,2
890,40,male,2,rent,,,7824,28,car,bad,3693,99.81,52,5276,credit_card,2
891,43,male,3,own,little,little,2442,27,business,good,9915,661.0,79,1324,mortgage,1
892,46,male,2,own,little,,1829,15,radio/TV,good,14640,340.47,72,4332,car_loan,2
893,38,male,1,own,little,little,2171,12,car,good,8949,218.27,48,1199,car_loan,1
894,34,male,2,own,little,moderate,5800,36,car,bad,5658,332.82,98,1880,credit_card,1
895,29,male,2,own,,,1169,18,radio/TV,good,5425,175.0,80,4396,credit_card,1
896,31,male,3,own,,,8947,36,car,bad,8470,273.23,40,2173,personal_loan,2
897,28,female,3,rent,little,little,2606,21,radio/TV,good,8438,649.08,41,3227,mortgage,3
898,35,female,2,own,rich,,1592,12,furniture/equipment,good,6284,184.82,37,3656,credit_card,2
899,33,female,1,rent,,,2186,15,furniture/equipment,good,5500,1375.0,53,3888,personal_loan,1
900,42,male,2,own,little,little,4153,18,furniture/equipment,good,3133,195.81,70,4807,personal_loan,1
901,43,male,2,rent,little,little,2625,16,car,good,11844,538.36,65,883,credit_card,2
902,44,male,2,own,,,3485,20,car,good,8766,365.25,84,841,car_loan,1
903,42,male,2,free,,,10477,36,car,bad,10202,784.77,38,2487,mortgage,1
904,40,male,2,rent,,,1386,15,radio/TV,good,1884,64.97,76,4559,mortgage,2
905,36,male,3,own,little,,1278,24,radio/TV,good,1904,380.8,44,5439,car_loan,2
906,20,male,3,rent,little,little,1107,12,radio/TV,good,9675,509.21,77,3609,credit_card,2
907,24,male,1,own,,little,3763,21,car,bad,14305,310.98,71,4582,mortgage,1
908,27,male,2,own,,moderate,3711,36,education,good,14263,475.43,89,5015,credit_card,1
909,46,female,1,own,little,,3594,15,car,good,3500,112.9,99,3298,credit_card,3
910,33,female,1,own,,moderate,3195,9,car,good,12448,541.22,41,3740,personal_loan,3
911,34,female,2,own,little,,4454,36,radio/TV,bad,11360,631.11,31,2488,car_loan,2
912,25,female,1,own,little,moderate,4736,24,furniture/equipment,bad,7489,192.03,36,3914,credit_card,3
913,25,female,2,own,,moderate,2991,30,radio/TV,bad,2960,134.55,32,2349,student_loan,1
914,28,male,2,own,rich,,2142,11,business,good,8690,1086.25,32,805,car_loan,3
915,31,male,2,rent,little,little,3161,24,business,good,8640,411.43,56,4113,mortgage,1
916,32,female,3,own,little,moderate,18424,48,vacation/others,bad,5136,733.71,69,3249,personal_loan,2
917,32,male,2,own,moderate,,2848,10,car,good,12416,2483.2,62,5464,mortgage,2
918,68,male,3,own,little,little,14896,6,car,bad,6309,2103.0,30,1635,mortgage,1
919,33,male,2,own,moderate,little,2359,24,furniture/equipment,good,5678,141.95,37,705,car_loan,3
920,39,male,3,rent,little,little,3345,24,furniture/equipment,good,14956,879.76,61,5091,mortgage,2
921,28,female,2,own,little,,1817,18,furniture/equipment,good,8745,242.92,77,3950,credit_card,2
922,37,male,3,own,quite rich,,12749,48,radio/TV,bad,8100,218.92,33,4311,mortgage,3
923,22,female,2,rent,little,little,1366,9,radio/TV,good,7497,277.67,99,4122,personal_loan,3
924,30,male,2,rent,little,moderate,2002,12,car,good,3548,136.46,48,4099,personal_loan,1
925,55,male,2,own,little,little,6872,24,furniture/equipment,good,13838,988.43,61,3051,student_loan,3
926,46,male,2,own,little,little,697,12,car,good,6280,314.0,38,4808,personal_loan,3
927,21,female,2,rent,little,little,1049,18,furniture/equipment,good,2216,130.35,41,809,mortgage,3
928,39,male,2,free,little,little,10297,48,car,bad,9439,205.2,40,3208,personal_loan,1
929,58,male,2,own,,,1867,30,radio/TV,bad,7065,392.5,75,2491,car_loan,1
930,43,male,1,own,little,little,1344,12,car,good,6044,208.41,45,771,personal_loan,2
931,24,male,1,own,little,little,1747,24,furniture/equipment,good,6476,647.6,30,4142,credit_card,1
932,22,female,2,own,little,moderate,1670,9,radio/TV,good,14275,528.7,92,4586,car_loan,2
933,30,male,2,own,little,,1224,9,car,good,11515,606.05,50,2322,student_loan,3
934,42,male,2,own,quite rich,,522,12,radio/TV,good,11773,379.77,59,3773,credit_card,2
935,23,female,2,own,little,little,1498,12,radio/TV,good,4919,491.9,42,5038,mortgage,2
936,30,male,3,own,moderate,moderate,1919,30,radio/TV,good,8739,514.06,63,4849,mortgage,3
937,28,female,1,own,little,rich,745,9,radio/TV,good,11266,388.48,33,1020,mortgage,2
938,30,male,3,rent,little,moderate,2063,6,radio/TV,good,1749,194.33,57,1476,credit_card,1
939,42,male,2,free,little,moderate,6288,60,education,bad,10365,2073.0,88,4222,credit_card,1
940,46,male,3,own,,,6842,24,car,bad,14225,458.87,56,4051,credit_card,1
941,45,male,3,own,,,3527,12,car,good,11857,257.76,98,4605,car_loan,1
942,31,male,1,own,little,,1546,10,car,good,2270,87.31,54,3273,car_loan,2
943,31,male,2,own,,,929,24,furniture/equipment,good,13654,2730.8,32,3052,mortgage,2
944,42,male,1,own,little,,1455,4,car,good,5863,266.5,97,3332,personal_loan,3
945,46,female,2,rent,little,little,1845,15,furniture/equipment,good,11676,686.82,54,4407,mortgage,2
946,30,female,2,own,quite rich,moderate,8358,48,car,bad,2577,95.44,49,652,student_loan,2
947,30,male,2,free,quite rich,little,3349,24,furniture/equipment,good,9927,310.22,63,3464,car_loan,2
948,38,male,3,own,,,2859,12,car,good,10080,630.0,55,3416,credit_card,3
949,43,male,1,own,little,,1533,18,furniture/equipment,good,12729,1414.33,34,3300,car_loan,1
950,31,male,2,own,moderate,,3621,24,radio/TV,good,9401,494.79,90,2252,credit_card,2
951,40,male,0,own,little,moderate,3590,18,business,good,6358,138.22,38,3110,student_loan,3
952,24,male,2,own,little,little,2145,36,business,bad,11540,524.55,79,4375,student_loan,3
953,28,female,2,rent,quite rich,moderate,4113,24,car,good,8044,211.68,35,1604,car_loan,3
954,26,female,3,own,little,,10974,36,furniture/equipment,bad,6219,565.36,89,3036,credit_card,1
955,29,female,2,own,little,little,1893,12,car,good,4314,107.85,73,5490,student_loan,2
956,57,female,3,rent,rich,little,1231,24,radio/TV,good,4874,203.08,40,4699,mortgage,3
957,49,male,1,own,,rich,3656,30,radio/TV,bad,12970,3242.5,95,4354,mortgage,1
958,37,male,1,own,little,moderate,1154,9,radio/TV,good,2752,105.85,76,3994,credit_card,3
959,45,male,1,own,little,little,4006,28,car,bad,8496,849.6,32,2414,car_loan,3
960,30,male,2,free,moderate,moderate,3069,24,furniture/equipment,good,13673,1051.77,59,3572,student_loan,3
961,30,male,2,rent,little,,1740,6,radio/TV,good,6173,411.53,50,1506,car_loan,3
962,47,male,2,own,little,moderate,2353,21,car,good,11814,621.79,57,906,mortgage,3
963,29,male,2,own,,,3556,15,car,good,6030,603.0,91,666,student_loan,1
964,35,male,2,own,quite rich,,2397,24,radio/TV,good,11842,514.87,62,1008,car_loan,2
965,22,male,1,own,little,moderate,454,6,repairs,good,14551,727.55,64,2161,personal_loan,2
966,26,female,2,own,,moderate,1715,30,radio/TV,bad,8381,261.91,81,4164,credit_card,2
967,23,male,1,own,quite rich,moderate,2520,27,radio/TV,bad,8449,422.45,63,3989,credit_card,2
968,54,female,3,rent,little,,3568,15,radio/TV,good,11021,333.97,70,5358,personal_loan,1
969,29,male,2,rent,,,7166,42,radio/TV,bad,7741,193.52,80,1180,mortgage,1
970,40,male,1,own,little,little,3939,11,car,good,9517,279.91,76,3024,student_loan,1
971,22,male,2,own,moderate,moderate,1514,15,repairs,good,8441,649.31,87,2620,credit_card,3
972,43,male,1,own,little,,7393,24,car,bad,11050,235.11,86,5177,personal_loan,3
973,29,female,0,rent,little,little,1193,24,car,good,8502,314.89,52,4857,personal_loan,3
974,36,male,2,rent,little,little,7297,60,business,bad,12174,347.83,77,1863,mortgage,2
975,33,female,2,own,little,,2831,30,radio/TV,bad,14234,355.85,51,1831,mortgage,3
976,57,female,1,own,quite rich,rich,1258,24,radio/TV,good,11709,272.3,46,2792,car_loan,2
977,64,female,2,own,little,moderate,753,6,radio/TV,good,2831,283.1,98,2038,credit_card,3
978,42,male,2,own,,moderate,2427,18,business,good,14036,1079.69,40,3908,car_loan,2
979,47,male,1,own,little,,2538,24,car,good,5761,240.04,44,1060,personal_loan,3
980,25,male,2,rent,moderate,moderate,1264,15,car,good,9148,351.85,64,1599,student_loan,3
981,49,male,2,own,little,moderate,8386,30,furniture/equipment,bad,11050,256.98,62,2403,student_loan,1
982,33,male,3,rent,little,,4844,48,business,bad,6615,348.16,45,674,mortgage,3
983,28,female,3,own,moderate,rich,2923,21,car,good,6137,438.36,63,2656,student_loan,3
984,26,male,2,own,little,little,8229,36,car,bad,6354,186.88,95,2730,student_loan,1
985,30,male,1,own,little,,2028,24,furniture/equipment,good,4677,275.12,69,4787,student_loan,2
986,25,female,2,rent,little,little,1433,15,furniture/equipment,good,9230,512.78,57,4660,personal_loan,1
987,33,male,2,own,little,rich,6289,42,business,bad,11820,492.5,76,4420,student_loan,1
988,64,female,2,own,moderate,,1409,13,radio/TV,good,3680,122.67,68,1997,student_loan,2
989,29,male,3,free,little,little,6579,24,car,bad,6392,290.55,99,4354,student_loan,3
990,48,male,1,own,little,moderate,1743,24,radio/TV,good,8543,244.09,49,3671,car_loan,2
991,37,male,1,own,,,3565,12,education,good,1637,136.42,30,2067,personal_loan,3
992,34,male,1,own,moderate,,1569,15,radio/TV,good,7827,186.36,92,1651,mortgage,3
993,23,male,1,rent,,little,1936,18,radio/TV,bad,4972,146.24,96,868,car_loan,2
994,30,male,3,own,little,little,3959,36,furniture/equipment,bad,6949,198.54,33,5446,credit_card,1
995,50,male,2,own,,,2390,12,car,good,4332,1083.0,87,542,personal_loan,2
996,31,female,1,own,little,,1736,12,furniture/equipment,good,5079,145.11,54,2407,personal_loan,3
997,40,male,3,own,little,little,3857,30,car,good,7471,213.46,76,3990,credit_card,2
998,38,male,2,own,little,,804,12,radio/TV,good,12723,295.88,67,3035,credit_card,2
999,23,male,2,free,little,little,1845,45,radio/TV,bad,5664,377.6,44,4673,credit_card,3
1000,27,male,2,own,moderate,moderate,4576,45,car,bad,12285,383.91,92,3373,mortgage,1
